asset	source	source_sha256	sha256
Resources/eXPerience2K/access/110.ico	Resources/eXPerience2K/access/110.ico	b363ec9871552fe23f6579579bb70fa240a855bb227da21922e9ce7ac4c93b39	9a2f5bd974491a4cedafda271a0d679952fec126e87186a6bff5889b80c0c158
Resources/eXPerience2K/accwiz/101.ico	Resources/eXPerience2K/accwiz/101.ico	9a57d66fb338c40a9ae0942492a2b53e7cb60e7b0845ab268bc954de43928800	9a57d66fb338c40a9ae0942492a2b53e7cb60e7b0845ab268bc954de43928800
Resources/eXPerience2K/appwiz/1500.ico	Resources/eXPerience2K/appwiz/1500.ico	5b484e276421544e09f85d275cf42e0f4bab589b6af38fc72dff76cae4b89792	e2327bdcb98f47b604216473bef01e7462a894089e10d2f49848e28be0ff7321
Resources/eXPerience2K/bckgzm/IDI_ICON.ico	Resources/eXPerience2K/bckgzm/IDI_ICON.ico	bc9866f2d62a628b19e7676b4061d1d24b45caaf76ad403b658e27ca43666a51	bc9866f2d62a628b19e7676b4061d1d24b45caaf76ad403b658e27ca43666a51
Resources/eXPerience2K/cabview/1.ico	Resources/eXPerience2K/cabview/1.ico	0c1de410f4c327e843ed26626bfb9374faa4d247d57331a6e01232853e8aec26	60b4de5056af5202f4bfaeb7b507e00a413e43b4aebeca88e0543498efe4f84f
Resources/eXPerience2K/cabview/105.ico	Resources/eXPerience2K/cabview/105.ico	52d562a72b3944e4d106bd978f798b2f4d237d40252e9ae23718089d33a43e40	52d562a72b3944e4d106bd978f798b2f4d237d40252e9ae23718089d33a43e40
Resources/eXPerience2K/calc/sc.ico	Resources/eXPerience2K/calc/sc.ico	b5ef561b8ea7af1ae6877b655483eff81c704ac111d8dcf5b4541b632abdb410	b5ef561b8ea7af1ae6877b655483eff81c704ac111d8dcf5b4541b632abdb410
Resources/eXPerience2K/charmap/111.ico	Resources/eXPerience2K/charmap/111.ico	55ed98d0d6801b76fbeb180542f4c2d5645160d20a648d36402c30b8f8d8ad58	55ed98d0d6801b76fbeb180542f4c2d5645160d20a648d36402c30b8f8d8ad58
Resources/eXPerience2K/chkrzm/IDI_ICON.ico	Resources/eXPerience2K/chkrzm/IDI_ICON.ico	7c0e515cdceeba71c57f60a451ce3e5ca6e9e0e82eac6a19ee5b8bf5bcad1ff3	7c0e515cdceeba71c57f60a451ce3e5ca6e9e0e82eac6a19ee5b8bf5bcad1ff3
Resources/eXPerience2K/cleanmgr/104.ico	Resources/eXPerience2K/cleanmgr/104.ico	a2f1df3e9fc3bfd1100d2bb15ac765327642123291235de1dbb6f7ecf8bb4150	36f9bba184ece2baef1768ba0167a8ecdc190af17cdb00d895a3ffbac15f4d2e
Resources/eXPerience2K/cmd/idi_appicon.ico	Resources/eXPerience2K/cmd/idi_appicon.ico	1d0a073a01711e38f00cccdc6f31e21014cfffc957cdab6f2fccfd25e3f19563	1d0a073a01711e38f00cccdc6f31e21014cfffc957cdab6f2fccfd25e3f19563
Resources/eXPerience2K/comctl32/20480.ico	Themes/windows-98-nt5/Resources/eXPerience2K/comctl32/20480.ico	c2e47427e745a3d1c186c5c9972d914e2e5e9c18db6e4cce47dc50eba0ddeca7	c2e47427e745a3d1c186c5c9972d914e2e5e9c18db6e4cce47dc50eba0ddeca7
Resources/eXPerience2K/comctl32/20481.ico	Themes/windows-98-nt5/Resources/eXPerience2K/comctl32/20481.ico	a6134a5e1fd7719f2d1e720528d0cfdd77154b23e7d3e11c5f9c61be0e6f4d72	a6134a5e1fd7719f2d1e720528d0cfdd77154b23e7d3e11c5f9c61be0e6f4d72
Resources/eXPerience2K/comctl32/20482.ico	Themes/windows-98-nt5/Resources/eXPerience2K/comctl32/20482.ico	99615e716df08f30df84808659852cb91997eac59b5e1acc2dd62434e2591f2d	99615e716df08f30df84808659852cb91997eac59b5e1acc2dd62434e2591f2d
Resources/eXPerience2K/comdlg32/540.ico	Resources/eXPerience2K/comdlg32/540.ico	139d51691ac7bff09db16f9e8600ce4d05674b896b5ce0267763f066068ec58e	87623dab595ee5005157023fe06fe283caa7f0d2ee27570fb948e98c70757ef4
Resources/eXPerience2K/compatui/210.ico	Resources/eXPerience2K/compatui/210.ico	a54bdc4781537ce52d9f4855a635355d31adaec56bd1949757f6c961c99cc298	c02774b0359da932777c93d4096f42181df2e10073cb94f582d9b5d4b39a9069
Resources/eXPerience2K/console/1.ico	Resources/eXPerience2K/console/1.ico	1d0a073a01711e38f00cccdc6f31e21014cfffc957cdab6f2fccfd25e3f19563	1d0a073a01711e38f00cccdc6f31e21014cfffc957cdab6f2fccfd25e3f19563
Resources/eXPerience2K/cscui/1208.ico	Resources/eXPerience2K/cscui/1208.ico	52d562a72b3944e4d106bd978f798b2f4d237d40252e9ae23718089d33a43e40	52d562a72b3944e4d106bd978f798b2f4d237d40252e9ae23718089d33a43e40
Resources/eXPerience2K/dataclen/100.ico	Resources/eXPerience2K/dataclen/100.ico	a2f1df3e9fc3bfd1100d2bb15ac765327642123291235de1dbb6f7ecf8bb4150	36f9bba184ece2baef1768ba0167a8ecdc190af17cdb00d895a3ffbac15f4d2e
Resources/eXPerience2K/desk/100.ico	Resources/eXPerience2K/desk/100.ico	da00445cec0d501e6c192e78306acbacf7775a8bc7ee673f58fbf2641047074e	a7740ec19b8278e772fcf5eacec992e5c4ae4c62b563a23a3e104419c558bc72
Resources/eXPerience2K/desk/40.ico	Resources/eXPerience2K/desk/40.ico	da00445cec0d501e6c192e78306acbacf7775a8bc7ee673f58fbf2641047074e	a7740ec19b8278e772fcf5eacec992e5c4ae4c62b563a23a3e104419c558bc72
Resources/eXPerience2K/devmgr/42.ico	Resources/eXPerience2K/devmgr/42.ico	a41e442824ac8839dc95d0bab382a0c4f93a02e5c59cd55c20eae52ed145350e	35d4ba07b9ef83426884a65282123cf99e7a66359a07633448d581b68ea0e23d
Resources/eXPerience2K/dfrgres/106.ico	Resources/eXPerience2K/dfrgres/106.ico	0ec1eea2d9dc43b37118709dcdb3e1955f35ca28fdd4cd7490caecf75fa0feb3	37fdfb22d0081ac4ff047a92b67d26938ecd5c2697c9d383b13cdcd9fad58ba6
Resources/eXPerience2K/dfshim/101.ico	Resources/eXPerience2K/dfshim/101.ico	5f4e3d4bf346a366f7fed9226e5159d04b0b35317553f667d2f7f54a291c526d	828ddcb0b219bf6d6eb6f0304d2cb5c10c2a5c379353cc24c308fe07c3c0f82c
Resources/eXPerience2K/explorer/100.ico	Themes/windows-98-nt5/Resources/eXPerience2K/explorer/100.ico	0e24651c29fbb5e30d5babedcae44bc95589c38ffe47cfd276e5112c90a5d293	4e1c237476f7b7059d20f0cca03da261e5f8a6afb6b586d9dace8d424fee6f1f
Resources/eXPerience2K/explorer/101.ico	Themes/windows-98-nt5/Resources/eXPerience2K/explorer/101.ico	1e915b43a57130e749a482f042745140560a2adac53f418ac670d9b215946455	18dca0bb0b23fa3132d4f34a78aa4bdc6bfcaddca9cff4bef761d73290db7cc5
Resources/eXPerience2K/explorer/103.ico	Themes/windows-98-nt5/Resources/eXPerience2K/explorer/103.ico	1a3fb2d61ff1e66f8e1821328a4767111556eee64cc79fae186ae27c6016e687	0d3da82d127b0dcacc2cc8eeecc635461e8db9efc4449940a18fd193cdd49140
Resources/eXPerience2K/explorer/107.ico	Themes/windows-98-nt5/Resources/eXPerience2K/explorer/107.ico	bfbf9657f68dca1083f963a562c0626685e54790fe1b8d34e87451e1b79801e5	bfbf9657f68dca1083f963a562c0626685e54790fe1b8d34e87451e1b79801e5
Resources/eXPerience2K/explorer/108.ico	Themes/windows-98-nt5/Resources/eXPerience2K/explorer/108.ico	9a28046360454171de6ad55c0fb4e064372585ece78efce08299f74b73354608	9a28046360454171de6ad55c0fb4e064372585ece78efce08299f74b73354608
Resources/eXPerience2K/explorer/109.ico	Resources/eXPerience2K/explorer/109.ico	16e8e63baa4a37c831949ba804143a854c656f6cd0b97fb72ac27ec1c307885d	16e8e63baa4a37c831949ba804143a854c656f6cd0b97fb72ac27ec1c307885d
Resources/eXPerience2K/explorer/110.ico	Resources/eXPerience2K/explorer/110.ico	72a7758ecf44e17b0da234d27ded1863ec93f0a0c1fbd3d93481421a1c1afdf6	72a7758ecf44e17b0da234d27ded1863ec93f0a0c1fbd3d93481421a1c1afdf6
Resources/eXPerience2K/explorer/111.ico	Resources/eXPerience2K/explorer/111.ico	8871b3cfc2cd5e39725d7a60e4eade504455acdd6d2672f0ed611db96771eab0	8871b3cfc2cd5e39725d7a60e4eade504455acdd6d2672f0ed611db96771eab0
Resources/eXPerience2K/explorer/252.ico	Resources/eXPerience2K/explorer/252.ico	5c0b7b9e6aa1bf3d37aafea2b8341bc2d02a89325e4708b02ad6800495f91744	a12dfcdf3d1a816c260d3ee6f27a907bcbd4f7c22c69edc4d741d57521a6ac05
Resources/eXPerience2K/explorer/253.ico	Resources/eXPerience2K/explorer/253.ico	1b2ae9f80d14a61df078da11ea091e19a3dccd4f2608375a93c2df32222ed99b	5645bf5ef4bc39f9439346463eef1288d161a124a80ec19e72412d5fa170afeb
Resources/eXPerience2K/explorer/254.ico	Resources/eXPerience2K/explorer/254.ico	211d60127d0de9814eb274fee47d6f84178801daaf812e5578662b7e0a214419	211d60127d0de9814eb274fee47d6f84178801daaf812e5578662b7e0a214419
Resources/eXPerience2K/fldrclnr/100.ico	Resources/eXPerience2K/fldrclnr/100.ico	16e8e63baa4a37c831949ba804143a854c656f6cd0b97fb72ac27ec1c307885d	16e8e63baa4a37c831949ba804143a854c656f6cd0b97fb72ac27ec1c307885d
Resources/eXPerience2K/fontext/1.ico	Resources/eXPerience2K/fontext/1.ico	b120e998be9411cba86b4efeb5bded4beb5f1264a7bba229632568e48da5a933	322d5233a8b3cf335739dac1b82acc13145c3f83b358a987cfcba6187387c2f8
Resources/eXPerience2K/fontext/2.ico	Resources/eXPerience2K/fontext/2.ico	c56f624e9ac32bb74c84483377b3441bdbbde6c26c0aa242c01fc838346cd531	c56f624e9ac32bb74c84483377b3441bdbbde6c26c0aa242c01fc838346cd531
Resources/eXPerience2K/fontext/3.ico	Resources/eXPerience2K/fontext/3.ico	b11d8c868f50eb4a6a562fbe2e17d5cf128de5cceb4f0fc4e5d2a1309bbfe24c	b11d8c868f50eb4a6a562fbe2e17d5cf128de5cceb4f0fc4e5d2a1309bbfe24c
Resources/eXPerience2K/fontext/4.ico	Resources/eXPerience2K/fontext/4.ico	667367e51ac7ab8cacff175c0a6bf7670a420e867a571be0f53c689fddc1a4ba	667367e51ac7ab8cacff175c0a6bf7670a420e867a571be0f53c689fddc1a4ba
Resources/eXPerience2K/fontext/5.ico	Resources/eXPerience2K/fontext/5.ico	c760d7019d9df60fa0f89c123a4fc486013ea2e745f84332ea1273b7545ea794	c760d7019d9df60fa0f89c123a4fc486013ea2e745f84332ea1273b7545ea794
Resources/eXPerience2K/fontext/6.ico	Resources/eXPerience2K/fontext/6.ico	0b69303b97dc8380963fd32fe86cddf2230b953bf5b3826eae786373d988eccb	0b69303b97dc8380963fd32fe86cddf2230b953bf5b3826eae786373d988eccb
Resources/eXPerience2K/fontext/7.ico	Resources/eXPerience2K/fontext/7.ico	0b69303b97dc8380963fd32fe86cddf2230b953bf5b3826eae786373d988eccb	0b69303b97dc8380963fd32fe86cddf2230b953bf5b3826eae786373d988eccb
Resources/eXPerience2K/freecell/601.ico	Resources/eXPerience2K/freecell/601.ico	99c2a81fa0b6a6e53121040ef4a70b1a360b0fa9a74e27478f37371a4299ff93	99c2a81fa0b6a6e53121040ef4a70b1a360b0fa9a74e27478f37371a4299ff93
Resources/eXPerience2K/gcdef/108.ico	Resources/eXPerience2K/gcdef/108.ico	df4616a82887ece5d44188d770003b7c1bdb40ce89ed1a2ab02875922d9a69c5	3c8f240db7d481d73a9083643ad811586ce0b1c972f8934e3b86b478452f50ca
Resources/eXPerience2K/hdwwiz/100.ico	Resources/eXPerience2K/hdwwiz/100.ico	cb10bbf33f7eabe6c758a7835d05b492423e51626dd35f8412ee75b41598b72c	e0abe3bee6f10faa228ed79507eb25e43077ab70d1adaef129d50b452fa422d6
Resources/eXPerience2K/hnetwiz/10000.ico	Resources/eXPerience2K/hnetwiz/10000.ico	b8f4c7405858300229687a8a67793d445103701abec8bbf155739435746df8e7	c4a09a8e5a431aeedfebfe6225697e06feaa005f5fc08d399188a91b62f63e9a
Resources/eXPerience2K/hnetwiz/10001.ico	Resources/eXPerience2K/hnetwiz/10001.ico	5f4e3d4bf346a366f7fed9226e5159d04b0b35317553f667d2f7f54a291c526d	828ddcb0b219bf6d6eb6f0304d2cb5c10c2a5c379353cc24c308fe07c3c0f82c
Resources/eXPerience2K/hnetwiz/10002.ico	Resources/eXPerience2K/hnetwiz/10002.ico	16e8e63baa4a37c831949ba804143a854c656f6cd0b97fb72ac27ec1c307885d	16e8e63baa4a37c831949ba804143a854c656f6cd0b97fb72ac27ec1c307885d
Resources/eXPerience2K/hnetwiz/10003.ico	Resources/eXPerience2K/hnetwiz/10003.ico	72a7758ecf44e17b0da234d27ded1863ec93f0a0c1fbd3d93481421a1c1afdf6	72a7758ecf44e17b0da234d27ded1863ec93f0a0c1fbd3d93481421a1c1afdf6
Resources/eXPerience2K/hotplug/100.ico	Resources/eXPerience2K/hotplug/100.ico	a5c6d092807902125266c6b99d308bd9baa8a6426df5182eac0f1fdf8c3b8d85	a5c6d092807902125266c6b99d308bd9baa8a6426df5182eac0f1fdf8c3b8d85
Resources/eXPerience2K/hotplug/102.ico	Resources/eXPerience2K/hotplug/102.ico	a41e442824ac8839dc95d0bab382a0c4f93a02e5c59cd55c20eae52ed145350e	35d4ba07b9ef83426884a65282123cf99e7a66359a07633448d581b68ea0e23d
Resources/eXPerience2K/hrtzzm/IDI_ICON.ico	Resources/eXPerience2K/hrtzzm/IDI_ICON.ico	92f9e70d4dbbb82377bb06366e804cb2277f3fdb29272a58283475e495fcd680	92f9e70d4dbbb82377bb06366e804cb2277f3fdb29272a58283475e495fcd680
Resources/eXPerience2K/hypertrm/100.ico	Resources/eXPerience2K/hypertrm/100.ico	2e250e0bd8ef087f6f26b8a1b7dc1f5245a5fe4046c6fe695df72d43d6382480	2e250e0bd8ef087f6f26b8a1b7dc1f5245a5fe4046c6fe695df72d43d6382480
Resources/eXPerience2K/idecoi/101.ico	Resources/eXPerience2K/idecoi/101.ico	542532763b173731078281d0f5b7b8e076600be7783aa57858263d42ec6ffb0c	348401a9f1b565ebcbb74d73ee2fc0bed5ec2bb2e0d29cbf4e6bd9d864eb9671
Resources/eXPerience2K/idecoi/102.ico	Resources/eXPerience2K/idecoi/102.ico	542532763b173731078281d0f5b7b8e076600be7783aa57858263d42ec6ffb0c	348401a9f1b565ebcbb74d73ee2fc0bed5ec2bb2e0d29cbf4e6bd9d864eb9671
Resources/eXPerience2K/idecoi/103.ico	Resources/eXPerience2K/idecoi/103.ico	7b946af615f95a121664d8c4f92c4eeac999d9d3090787ef717da0df41f0a930	da53820b761f9f0766626e2e9adf79419771849b3657c2c76b88547ba7b0cfa9
Resources/eXPerience2K/idecoi/104.ico	Resources/eXPerience2K/idecoi/104.ico	4498d8899f6e247d0255222c56bd83fcc1c060a51294b4717f8e8e64a9915b2a	4498d8899f6e247d0255222c56bd83fcc1c060a51294b4717f8e8e64a9915b2a
Resources/eXPerience2K/idecoi/105.ico	Resources/eXPerience2K/idecoi/105.ico	668e77333732e83bd636e2133ebc1f08bf52c332757ea3b7ba3e6e2f410dbc91	c29dfcd40d47acff2409b2ceb52a8a15f25f7b81b90a268bfdc3f7eba4945458
Resources/eXPerience2K/idecoi/106.ico	Resources/eXPerience2K/idecoi/106.ico	c4e022cf88e3f05433c41c1ad441aeb85f6636b7aae57eb21f318fd6c35fc760	c16a63a7d6b0b12fcea2bc6ace0d2eecdf7f56d9a4f4f9662b17dcee835e1197
Resources/eXPerience2K/idecoi/107.ico	Resources/eXPerience2K/idecoi/107.ico	6c31dc1e79bfb86a52fb42dcd0081ea28fa7ded4c574cdb6ab004b06dae88592	4c5fba9bf0aa6f3dad90ab9a936241625aa35457e67aebb607ffe69a847b3785
Resources/eXPerience2K/idecoi/150.ico	Resources/eXPerience2K/idecoi/150.ico	d1af0f597b3a701b8187f2a22468ef21f17eee9771ae7ff5fec1a17d15222e68	24838dade8ee72ad58948ae866f43e1be1a6e978c12921103211b24859faa471
Resources/eXPerience2K/idecoi/166.ico	Resources/eXPerience2K/idecoi/166.ico	72a7758ecf44e17b0da234d27ded1863ec93f0a0c1fbd3d93481421a1c1afdf6	72a7758ecf44e17b0da234d27ded1863ec93f0a0c1fbd3d93481421a1c1afdf6
Resources/eXPerience2K/iexplore/32528.ico	Resources/eXPerience2K/iexplore/32528.ico	4219340d9d0a8faccfcb4e16d5a0c56720e09dec861b93e27377a5b6576d47ea	f0a57e5f6db934056a0323086cb72e3b15d5a1e0086a226371c6b1ae90c2e2a5
Resources/eXPerience2K/iexplore/32529.ico	Resources/eXPerience2K/iexplore/32529.ico	ce8f22c8a57dea8b63addb6767b9f3fbc853bb9a863bd84e60b80da8c2cb50a7	641cdb1abfa26de3f799c961553b8fbc481dda0959ed7e644983f9638d10ac81
Resources/eXPerience2K/inetcpl/4487.ico	Resources/eXPerience2K/inetcpl/4487.ico	01913bfbcba42e2a4179e6bfb71848d51183883d0fe26d7518990a32a1ac9dba	66854e2f451b5f6cd521a6f62c5a513353bdd172aec2c9bb06500ad1f1ea6e51
Resources/eXPerience2K/intl/200.ico	Resources/eXPerience2K/intl/200.ico	1b2ae9f80d14a61df078da11ea091e19a3dccd4f2608375a93c2df32222ed99b	5645bf5ef4bc39f9439346463eef1288d161a124a80ec19e72412d5fa170afeb
Resources/eXPerience2K/joy/102.ico	Resources/eXPerience2K/joy/102.ico	df4616a82887ece5d44188d770003b7c1bdb40ce89ed1a2ab02875922d9a69c5	3c8f240db7d481d73a9083643ad811586ce0b1c972f8934e3b86b478452f50ca
Resources/eXPerience2K/keymgr/100.ico	Resources/eXPerience2K/keymgr/100.ico	19e7053edbc92bf713d9b86cce5a40434213547fadc5130cee6ef11ae901e09d	89f4ace8e63e31acc8aa234fa9e127afbf55bacd55ac9f8a31add83ecc4cf8d1
Resources/eXPerience2K/logon/1.ico	Resources/eXPerience2K/logon/1.ico	be2707258a012a2ddc062cfb7f6368303fe0e4ddaa02ffbfe2cf1c6097244cfb	be2707258a012a2ddc062cfb7f6368303fe0e4ddaa02ffbfe2cf1c6097244cfb
Resources/eXPerience2K/magnify/128.ico	Resources/eXPerience2K/magnify/128.ico	68536102f145102c300b92ebe7653be89143fa5a022fddc15cbd91aa13bd44ed	68536102f145102c300b92ebe7653be89143fa5a022fddc15cbd91aa13bd44ed
Resources/eXPerience2K/main/100.ico	Resources/eXPerience2K/main/100.ico	1cd88293f2d5b5dd46a63a798444de070375ad5fac68bfe5c80a511a5bf841e5	96f0965e9411d1aed27cd5cdefb679324ff54c41bbd7a4d63370f1e818679b55
Resources/eXPerience2K/main/200.ico	Resources/eXPerience2K/main/200.ico	89e0a66f05cca2632ba416547da80da9dd1f9b743dc19503e8d6b632eef372fb	34dddd26e582bf185b66b12eac19471ee6c84f55a008547379fe1ce2e33d0592
Resources/eXPerience2K/main/400.ico	Resources/eXPerience2K/main/400.ico	d12f72aed0f64b3c165e893442ed24be1a77a80a6027b13b894719c8534ac666	4743c96e0451ab1f828c35e4ed4ae28e214f1c8f95650d52be9228f2c011e3a9
Resources/eXPerience2K/main/500.ico	Resources/eXPerience2K/main/500.ico	f1051ecf14736378a878bcd346f78a13b740f0f1376641f7bcdadbc01209656e	a96c656613df0ad955382220650351a1a9be7808a53dd51d5ded39f23c8b770f
Resources/eXPerience2K/mdminst/5100.ico	Resources/eXPerience2K/mdminst/5100.ico	493050671c2c381e781eb168100f3701cbad9d2df2ba895d369bc3429db61b47	a10c54cc4c3827aedf7f8f895751c3aeeae05fe6cd6312e780d65bab46d31ae4
Resources/eXPerience2K/mmsys/3004.ico	Resources/eXPerience2K/mmsys/3004.ico	034f34ed90545973448d91fa84a0b7ea40b5074e41c5105ff4de65e2154e9308	62dcef991f0f63265e2e86218ef5b18bc4b1e801b77bef60044927dea29e148d
Resources/eXPerience2K/mmsys/4354.ico	Resources/eXPerience2K/mmsys/4354.ico	034f34ed90545973448d91fa84a0b7ea40b5074e41c5105ff4de65e2154e9308	62dcef991f0f63265e2e86218ef5b18bc4b1e801b77bef60044927dea29e148d
Resources/eXPerience2K/mmsys/4363.ico	Resources/eXPerience2K/mmsys/4363.ico	034f34ed90545973448d91fa84a0b7ea40b5074e41c5105ff4de65e2154e9308	62dcef991f0f63265e2e86218ef5b18bc4b1e801b77bef60044927dea29e148d
Resources/eXPerience2K/mmsys/4367.ico	Resources/eXPerience2K/mmsys/4367.ico	034f34ed90545973448d91fa84a0b7ea40b5074e41c5105ff4de65e2154e9308	62dcef991f0f63265e2e86218ef5b18bc4b1e801b77bef60044927dea29e148d
Resources/eXPerience2K/mmsys/4368.ico	Resources/eXPerience2K/mmsys/4368.ico	034f34ed90545973448d91fa84a0b7ea40b5074e41c5105ff4de65e2154e9308	62dcef991f0f63265e2e86218ef5b18bc4b1e801b77bef60044927dea29e148d
Resources/eXPerience2K/mmsys/4379.ico	Resources/eXPerience2K/mmsys/4379.ico	034f34ed90545973448d91fa84a0b7ea40b5074e41c5105ff4de65e2154e9308	62dcef991f0f63265e2e86218ef5b18bc4b1e801b77bef60044927dea29e148d
Resources/eXPerience2K/mmsys/4393.ico	Resources/eXPerience2K/mmsys/4393.ico	20ecc4616bee760fd344dc86c273823d80e423a83cc54ff249b442c7005edab2	56341a3c1eae18fd5934b7407f1e271aceb79e4576f62447858c5e3e209b87e9
Resources/eXPerience2K/mobsync_dll/3129.ico	Resources/eXPerience2K/mobsync_dll/3129.ico	5934af52dfbbf5cbdd775cfcc14196b73efc5b6918ec58f90b29d4088a33cf3b	5934af52dfbbf5cbdd775cfcc14196b73efc5b6918ec58f90b29d4088a33cf3b
Resources/eXPerience2K/mobsync_exe/132.ico	Resources/eXPerience2K/mobsync_exe/132.ico	5934af52dfbbf5cbdd775cfcc14196b73efc5b6918ec58f90b29d4088a33cf3b	5934af52dfbbf5cbdd775cfcc14196b73efc5b6918ec58f90b29d4088a33cf3b
Resources/eXPerience2K/modemui/5100.ico	Resources/eXPerience2K/modemui/5100.ico	493050671c2c381e781eb168100f3701cbad9d2df2ba895d369bc3429db61b47	a10c54cc4c3827aedf7f8f895751c3aeeae05fe6cd6312e780d65bab46d31ae4
Resources/eXPerience2K/moricons/108.ico	Resources/eXPerience2K/moricons/108.ico	192127c8729ab493dae81aa033a7be8eeb2e0bdfa6537de4fdf914c777360ad1	192127c8729ab493dae81aa033a7be8eeb2e0bdfa6537de4fdf914c777360ad1
Resources/eXPerience2K/moricons/114.ico	Resources/eXPerience2K/moricons/114.ico	51d267ab03bd23f9979fdf322e2889714d8b1d24345a4d4617804cb759272aba	9cc6e684fe7e0a4198dd2dc0cced07479af53fb792eafbff8e03ecedbd70d26c
Resources/eXPerience2K/moviemk/128.ico	Resources/eXPerience2K/moviemk/128.ico	4e726179232338a2b7341f8acab093d446da6039d3d3b19477c1584ee14348d6	65f6e14371fc0b90206e39176ec88e80d96b816b031d4111dd41c335294214fa
Resources/eXPerience2K/msgina/109.ico	Themes/windows-98-nt5/Resources/eXPerience2K/msgina/109.ico	1944b3d2304383431295610cd96a987e28a4a529f455557cce4cbf6bbd95dd01	766d8a183b31d66a726185d9c4eea4f5583da579b47dd5a42d9adbc5e352b2f7
Resources/eXPerience2K/msgina/IDI_TURNOFF_ICONRESOURCE.ico	Resources/eXPerience2K/msgina/IDI_TURNOFF_ICONRESOURCE.ico	462bcb91b74063b4c93e88509131f203cd7832d5bf6d6fb06084277d6c539c6c	d6d27fb03c3d47187b4e9652bec3ca0af68df05ff1e7c06dc53e0401b30ff044
Resources/eXPerience2K/mshearts/31234.ico	Resources/eXPerience2K/mshearts/31234.ico	bbf91267a6abda2832f2eb4c0bd54451d7768e3b626759754cd64b6bea15043b	bbf91267a6abda2832f2eb4c0bd54451d7768e3b626759754cd64b6bea15043b
Resources/eXPerience2K/msimn/2.ico	Resources/eXPerience2K/msimn/2.ico	0026126606b0ac7ece8e09ad326b62a9c8c8824b591b1fcbe6ae32602f110142	6a8510ec230fd39e56326d37e3f5317645cfa5f1dc286955c2cf5f0693395bec
Resources/eXPerience2K/msinfo32/128.ico	Resources/eXPerience2K/msinfo32/128.ico	fa869bf734c5f5a915a04c744c15eccf9e7a5e104edd56a30c0a604cecc8819d	fa869bf734c5f5a915a04c744c15eccf9e7a5e104edd56a30c0a604cecc8819d
Resources/eXPerience2K/msmsgs/1.ico	Resources/eXPerience2K/msmsgs/1.ico	1c17d0db05a825ef7b539c42d6beeaa575659a4c340cd22a61e3c8d3deb7fc58	1c17d0db05a825ef7b539c42d6beeaa575659a4c340cd22a61e3c8d3deb7fc58
Resources/eXPerience2K/msobmain/200.ico	Resources/eXPerience2K/msobmain/200.ico	b67f633c829c15539c3c94d0409bd7d932116d9f336589033bd60f939fbbd8d8	d9daae2015b334899d11fa150a2cae31d7222cde855755509143af48c6166c54
Resources/eXPerience2K/msobmain/202.ico	Resources/eXPerience2K/msobmain/202.ico	2310c179d7a3fe5356dd51338ea0187f81c3250055d9503b8df9de1cad4c2ea1	df6611fd31a6675e09fae1e9a671b786d2e88c6ffec6b62b8f53d467a0cfe366
Resources/eXPerience2K/msoeres/2.ico	Resources/eXPerience2K/msoeres/2.ico	0026126606b0ac7ece8e09ad326b62a9c8c8824b591b1fcbe6ae32602f110142	6a8510ec230fd39e56326d37e3f5317645cfa5f1dc286955c2cf5f0693395bec
Resources/eXPerience2K/msoeres/52.ico	Resources/eXPerience2K/msoeres/52.ico	0026126606b0ac7ece8e09ad326b62a9c8c8824b591b1fcbe6ae32602f110142	6a8510ec230fd39e56326d37e3f5317645cfa5f1dc286955c2cf5f0693395bec
Resources/eXPerience2K/msoobe/1.ico	Resources/eXPerience2K/msoobe/1.ico	2310c179d7a3fe5356dd51338ea0187f81c3250055d9503b8df9de1cad4c2ea1	df6611fd31a6675e09fae1e9a671b786d2e88c6ffec6b62b8f53d467a0cfe366
Resources/eXPerience2K/mspaint/2.ico	Resources/eXPerience2K/mspaint/2.ico	8f3df87a33e336e2b5fd217a7f2b517c99fef65302cc665b0ffb1a778d6e7cab	64adcf3632e67ee54c395d8f6f84bb2d218d05fc177b57fe992cda4af60ce733
Resources/eXPerience2K/msratelc/107.ico	Resources/eXPerience2K/msratelc/107.ico	6b69b258f3606f5a493b7810d94d9a9de465f2b2e8bcfcb25e811bf8d9724caf	6b69b258f3606f5a493b7810d94d9a9de465f2b2e8bcfcb25e811bf8d9724caf
Resources/eXPerience2K/mstask/100.ico	Resources/eXPerience2K/mstask/100.ico	417d28e826b986ea948cf5f686b98ac84881339f434907079cf3a52adb42a457	047b12b3bb5ca639d1ff040aef49a6ccf1c3226c5477644bc4274334339875c6
Resources/eXPerience2K/mstask/274.ico	Resources/eXPerience2K/mstask/274.ico	c92b73ffc7923cff29bdcaa7d5069e7da6d89508c47ba0d915ee048a7966075d	c92b73ffc7923cff29bdcaa7d5069e7da6d89508c47ba0d915ee048a7966075d
Resources/eXPerience2K/mstsc/101.ico	Resources/eXPerience2K/mstsc/101.ico	9f39495d2df1b4846bc29372e71c5f87bc1089fabc65515c903f3d03ab4a6671	d02160df681f139c43f3c81afbfa9c6c41cebe1c35fb2ad32a7a0558103db308
Resources/eXPerience2K/mstscax/100.ico	Resources/eXPerience2K/mstscax/100.ico	9f39495d2df1b4846bc29372e71c5f87bc1089fabc65515c903f3d03ab4a6671	d02160df681f139c43f3c81afbfa9c6c41cebe1c35fb2ad32a7a0558103db308
Resources/eXPerience2K/mydocs/100.ico	Resources/eXPerience2K/mydocs/100.ico	ddf61fec0795e97c7af14fdbf3a774ab8048d39a77833470f3291ff2f3e77a75	8a10b8a5644233ec6927d9c131ad75e5a1af2ee51f504787407f10d2787afb56
Resources/eXPerience2K/mydocs/101.ico	Resources/eXPerience2K/mydocs/101.ico	817a241295374259d2b64e043e141bd93ef36d8972e7d827ed256f82f7da45f7	3e021c0c21ffa6e612ff2b1d541ad20fd895f0f10b29ddf14a4e7c5db69b774d
Resources/eXPerience2K/narrator/102.ico	Resources/eXPerience2K/narrator/102.ico	78e5752d3cf267831454ec40b9d7faaf9dfc7daef87e617738dc6d9e9b2f9cd0	78e5752d3cf267831454ec40b9d7faaf9dfc7daef87e617738dc6d9e9b2f9cd0
Resources/eXPerience2K/ncpa/1001.ico	Resources/eXPerience2K/ncpa/1001.ico	b67f633c829c15539c3c94d0409bd7d932116d9f336589033bd60f939fbbd8d8	d9daae2015b334899d11fa150a2cae31d7222cde855755509143af48c6166c54
Resources/eXPerience2K/netid/101.ico	Resources/eXPerience2K/netid/101.ico	b3203b93b57f1ca84cdeed3afc3dd0fe58887a42c3413f4f96ce0ed17a8fcf53	48bf8d2886a4e80db2871a4f844f9f75d08e9f01e76fa01058b5b692ae19bf21
Resources/eXPerience2K/netplwiz/125.ico	Resources/eXPerience2K/netplwiz/125.ico	6b69b258f3606f5a493b7810d94d9a9de465f2b2e8bcfcb25e811bf8d9724caf	6b69b258f3606f5a493b7810d94d9a9de465f2b2e8bcfcb25e811bf8d9724caf
Resources/eXPerience2K/netplwiz/200.ico	Resources/eXPerience2K/netplwiz/200.ico	72a7758ecf44e17b0da234d27ded1863ec93f0a0c1fbd3d93481421a1c1afdf6	72a7758ecf44e17b0da234d27ded1863ec93f0a0c1fbd3d93481421a1c1afdf6
Resources/eXPerience2K/netplwiz/4400.ico	Resources/eXPerience2K/netplwiz/4400.ico	d306833197e2377c2d9f7f26cdf73f2ba52edc60b4f08948d67a010b27806a24	686d83744a8b398c1b308f68b09a6f68cd72d52ab4fd82ab31fd0018621a2b5b
Resources/eXPerience2K/netshell/0.ico	Resources/eXPerience2K/netshell/0.ico	b67f633c829c15539c3c94d0409bd7d932116d9f336589033bd60f939fbbd8d8	d9daae2015b334899d11fa150a2cae31d7222cde855755509143af48c6166c54
Resources/eXPerience2K/netshell/1.ico	Resources/eXPerience2K/netshell/1.ico	fb7abfb16982aa9a97284eb2fd620cf86facd12146dd0c96ace2f0087869b2f8	fb7abfb16982aa9a97284eb2fd620cf86facd12146dd0c96ace2f0087869b2f8
Resources/eXPerience2K/netshell/1115.ico	Resources/eXPerience2K/netshell/1115.ico	1b2ae9f80d14a61df078da11ea091e19a3dccd4f2608375a93c2df32222ed99b	5645bf5ef4bc39f9439346463eef1288d161a124a80ec19e72412d5fa170afeb
Resources/eXPerience2K/netshell/1116.ico	Resources/eXPerience2K/netshell/1116.ico	c69be17e53e289e0512b530f56281a59372634b7e6ac1b27de482df898943e4c	f476d7928d8feef43532a7579d2f1eb75dfd5edd05148bc1f64114d568229be8
Resources/eXPerience2K/netshell/1117.ico	Resources/eXPerience2K/netshell/1117.ico	b3203b93b57f1ca84cdeed3afc3dd0fe58887a42c3413f4f96ce0ed17a8fcf53	48bf8d2886a4e80db2871a4f844f9f75d08e9f01e76fa01058b5b692ae19bf21
Resources/eXPerience2K/netshell/1601.ico	Resources/eXPerience2K/netshell/1601.ico	16e8e63baa4a37c831949ba804143a854c656f6cd0b97fb72ac27ec1c307885d	16e8e63baa4a37c831949ba804143a854c656f6cd0b97fb72ac27ec1c307885d
Resources/eXPerience2K/netshell/1603.ico	Resources/eXPerience2K/netshell/1603.ico	29035f9e4ec8ceee20391ed82912733806df4609cdd593d44adcefd1bf4603ad	76a08aa4827491fbd350ba8583f6824a39b01c13f22128f849444f75781eef73
Resources/eXPerience2K/netshell/1604.ico	Resources/eXPerience2K/netshell/1604.ico	6dd098f06ec1219e40076df82aa8296c8f389498ca667b8d437c8a808b7964ac	6dd098f06ec1219e40076df82aa8296c8f389498ca667b8d437c8a808b7964ac
Resources/eXPerience2K/netshell/1606.ico	Resources/eXPerience2K/netshell/1606.ico	e32ffab5a62a226bb50dcaf8f7f9d3ef7f7cd16b85f41ef20831f57e1627ae2f	ecc9ccb338212162e3a3f7a18c2dbd499137bcc1feb4f3d11f1cfb5b6df367c4
Resources/eXPerience2K/netshell/1607.ico	Resources/eXPerience2K/netshell/1607.ico	7508e7d7d492e88a702e6003ed0ef00979af9c3abc9f163104c57ae61e53d8e2	7508e7d7d492e88a702e6003ed0ef00979af9c3abc9f163104c57ae61e53d8e2
Resources/eXPerience2K/netshell/1608.ico	Resources/eXPerience2K/netshell/1608.ico	53aa5f1eeded91f52dbf1ed1b92a0b7a631add054799d6155adbd03a06b28992	53aa5f1eeded91f52dbf1ed1b92a0b7a631add054799d6155adbd03a06b28992
Resources/eXPerience2K/netshell/1609.ico	Resources/eXPerience2K/netshell/1609.ico	cfc1e55a47ca21d0c0e509c609d57115fb37d31da290046d333c9bdaaca0e04a	cfc1e55a47ca21d0c0e509c609d57115fb37d31da290046d333c9bdaaca0e04a
Resources/eXPerience2K/netshell/1610.ico	Resources/eXPerience2K/netshell/1610.ico	316f11a308846bda3973a0df0398ca4d6194c42f36405d103bb9f04a542d1376	9a5b7cd9b4447c5fe7ce2ecbdcd3cd26e95be0d8a2a6b47029577b8bf7631c26
Resources/eXPerience2K/netshell/190.ico	Resources/eXPerience2K/netshell/190.ico	a4a5cd5b6ec41ce105390f08f8ee7225245a896f2a366f2176c53bc5da6abc1e	a4a5cd5b6ec41ce105390f08f8ee7225245a896f2a366f2176c53bc5da6abc1e
Resources/eXPerience2K/netshell/1901.ico	Resources/eXPerience2K/netshell/1901.ico	1e4602240c8413d8c366a31ae0bd6d65ec31cc3cebae4425f3019140ea1ec685	5aba1d19d0fb21a81a3abffb9632d415faa49d2eaac100da33847ed7a4047df3
Resources/eXPerience2K/netshell/1902.ico	Resources/eXPerience2K/netshell/1902.ico	a623fa8444e3c17e419d1689f2ffff5fab0ea2f5bb71b400f3f5126c2d909f55	b77a83af72af80ebb59840eec53ae3e3ed3b347770fd3661eab36c0cafef5b8a
Resources/eXPerience2K/netshell/1903.ico	Resources/eXPerience2K/netshell/1903.ico	09da4769145b81455648bcfff0e8b3d5bd9c2932d61b1f4ddc9727c989eb1a59	70c686c1c9711e82797880bd3fd4d6768893b326b437a285c35892bc80ce5115
Resources/eXPerience2K/netshell/1904.ico	Resources/eXPerience2K/netshell/1904.ico	b66786c4d8fe180e3890617e572558c6136040b037fd627e055e8ca7a844ab8f	eaf86f61a28cca60945bb643eb876ce1826aef3df08ba43c1a2330d013c0700b
Resources/eXPerience2K/netshell/1905.ico	Resources/eXPerience2K/netshell/1905.ico	050269511e1837c1e77720b3dd8c59fb6ca5bdb4923e9472b110740118c02968	f187aeb7b2eb76004cab23fc9d617c7e9ca3bce640f81e63126fc25420f5700b
Resources/eXPerience2K/netshell/1906.ico	Resources/eXPerience2K/netshell/1906.ico	a623fa8444e3c17e419d1689f2ffff5fab0ea2f5bb71b400f3f5126c2d909f55	b77a83af72af80ebb59840eec53ae3e3ed3b347770fd3661eab36c0cafef5b8a
Resources/eXPerience2K/netshell/1907.ico	Resources/eXPerience2K/netshell/1907.ico	55b018e5f71b0053a99c66c03f894f785d7d07676a46f2bb104120a6b7683b3c	900a738d668475ffd668fd4531846cbaaa467771ef178569743b581bebea4050
Resources/eXPerience2K/netshell/1909.ico	Resources/eXPerience2K/netshell/1909.ico	c69be17e53e289e0512b530f56281a59372634b7e6ac1b27de482df898943e4c	f476d7928d8feef43532a7579d2f1eb75dfd5edd05148bc1f64114d568229be8
Resources/eXPerience2K/netshell/191.ico	Resources/eXPerience2K/netshell/191.ico	c77e1d481df5718dcd60a633d5906fa9a181248257983cb6b239b266192e8656	c77e1d481df5718dcd60a633d5906fa9a181248257983cb6b239b266192e8656
Resources/eXPerience2K/netshell/1910.ico	Resources/eXPerience2K/netshell/1910.ico	c69be17e53e289e0512b530f56281a59372634b7e6ac1b27de482df898943e4c	f476d7928d8feef43532a7579d2f1eb75dfd5edd05148bc1f64114d568229be8
Resources/eXPerience2K/netshell/1913.ico	Resources/eXPerience2K/netshell/1913.ico	837321a4ee4b535d7f09368227b09f66533b39c159c8e61c632778c0d49c3f65	8ae28af3e80b2328f315b9a481a04d780307a3747a636ff7a7cb17267a184f33
Resources/eXPerience2K/netshell/1914.ICO	Resources/eXPerience2K/netshell/1914.ICO	2b39148de0d02c4084976121402e3f6bf70633d3a20631a42790450a538ec6d3	504498413c264486367ac6f9d2c9d783bbc91a53a2b7275e233a7a5e5e17a08c
Resources/eXPerience2K/netshell/1915.ico	Resources/eXPerience2K/netshell/1915.ico	8855040b4d074005bc4f14231aef47e49a2c7aee4c6875fd394b3557f36866ad	9208265ba470df5f1341f20e41b5c4101d933a9587356258ef7a542b68e68e23
Resources/eXPerience2K/netshell/1916.ico	Resources/eXPerience2K/netshell/1916.ico	4767a7fab6435d61ef83d1a103d6729f6602a66aa9ce61c508f20ea363c29591	a10fc46207427f919fdeee680337a2030cb51cd8087cfb46a2e4793eb7cd8d40
Resources/eXPerience2K/netshell/1917.ico	Resources/eXPerience2K/netshell/1917.ico	8038c1bfea1ba91ae86fb29d9d2b2b9345868fb559e123d6fdb7d39e47be9d44	a2d53677804b145f6a6f79960ac472b42a92f5610da8c3d589b27392410bfaa4
Resources/eXPerience2K/netshell/1918.ico	Resources/eXPerience2K/netshell/1918.ico	d6755f6b36de51e6b9234731da927fa8d18181bedc5f35afd809204524a13b77	30f5da0540ebae73b3b2822a285c9f9f1545f1f843de3172353ec5e9d15cfed4
Resources/eXPerience2K/netshell/1919.ico	Resources/eXPerience2K/netshell/1919.ico	f43606918e204118c2f33bfdc70713efc782759da5364916e1596bcabcac09da	f43606918e204118c2f33bfdc70713efc782759da5364916e1596bcabcac09da
Resources/eXPerience2K/netshell/192.ico	Resources/eXPerience2K/netshell/192.ico	def250e7a177f9f03820d044d06c86b37f9cf8674e303008418bb3f8bc604906	def250e7a177f9f03820d044d06c86b37f9cf8674e303008418bb3f8bc604906
Resources/eXPerience2K/netshell/1920.ico	Resources/eXPerience2K/netshell/1920.ico	23c5010ce8861542081d02b2771e21c312189d4764c312d17742e18f9160d9e0	7b2b896a7a8e50504a0ea01ba18ad6735d97b8c17415c2e113ca1f3d39583104
Resources/eXPerience2K/netshell/193.ico	Resources/eXPerience2K/netshell/193.ico	855c09bce048f589cbc8323df3ef657a8f040cf842a6a0b3d9805e4d025d2a21	855c09bce048f589cbc8323df3ef657a8f040cf842a6a0b3d9805e4d025d2a21
Resources/eXPerience2K/netshell/195.ico	Resources/eXPerience2K/netshell/195.ico	05312cd5f4091168345e2fe9c91a7653d15f222d8b17070b7d317ef42b86307c	05312cd5f4091168345e2fe9c91a7653d15f222d8b17070b7d317ef42b86307c
Resources/eXPerience2K/netshell/196.ico	Resources/eXPerience2K/netshell/196.ico	93cd23d1d45058f87b8480f05540e1d12ca9a298ff9edbb1a681f4bbba2b4eb2	93cd23d1d45058f87b8480f05540e1d12ca9a298ff9edbb1a681f4bbba2b4eb2
Resources/eXPerience2K/netshell/2.ico	Resources/eXPerience2K/netshell/2.ico	0bac881f5a56786efb68ae4a9edd112cadc0a547ddf33c914f2467bd5f4266a4	30038b0f46999a843164d01215eb951ef3a1e1e3efe158799d1794253fb279db
Resources/eXPerience2K/netshell/3.ico	Resources/eXPerience2K/netshell/3.ico	d6f6cf1ab4390e27c8b0ad98e7c7f0fa1b4856019e0d28dc9854425f36c07bdb	f7e0dfc6c2900311136dd209b0647225cd68fc193655cccadbb0db09ba96cd4a
Resources/eXPerience2K/netshell/300.ico	Resources/eXPerience2K/netshell/300.ico	9c31c7be23425bd5f0937450d4b6520fe88ddf4e86a76775cfc73bd2fabfb70c	4cd2be74279a0f0e72d481d93b008a13038dd56a99dd0a401429870841a511f7
Resources/eXPerience2K/netshell/4.ico	Resources/eXPerience2K/netshell/4.ico	b8f4c7405858300229687a8a67793d445103701abec8bbf155739435746df8e7	c4a09a8e5a431aeedfebfe6225697e06feaa005f5fc08d399188a91b62f63e9a
Resources/eXPerience2K/netshell/5.ico	Resources/eXPerience2K/netshell/5.ico	b67f633c829c15539c3c94d0409bd7d932116d9f336589033bd60f939fbbd8d8	d9daae2015b334899d11fa150a2cae31d7222cde855755509143af48c6166c54
Resources/eXPerience2K/newdev/200.ico	Resources/eXPerience2K/newdev/200.ico	cb10bbf33f7eabe6c758a7835d05b492423e51626dd35f8412ee75b41598b72c	e0abe3bee6f10faa228ed79507eb25e43077ab70d1adaef129d50b452fa422d6
Resources/eXPerience2K/newdev/201.ico	Resources/eXPerience2K/newdev/201.ico	542532763b173731078281d0f5b7b8e076600be7783aa57858263d42ec6ffb0c	348401a9f1b565ebcbb74d73ee2fc0bed5ec2bb2e0d29cbf4e6bd9d864eb9671
Resources/eXPerience2K/newdev/204.ico	Resources/eXPerience2K/newdev/204.ico	3a908f613b4901d95843b354f05433e55353bfea87cf286369dc54b141d828d9	3a908f613b4901d95843b354f05433e55353bfea87cf286369dc54b141d828d9
Resources/eXPerience2K/newdev/208.ico	Resources/eXPerience2K/newdev/208.ico	16e8e63baa4a37c831949ba804143a854c656f6cd0b97fb72ac27ec1c307885d	16e8e63baa4a37c831949ba804143a854c656f6cd0b97fb72ac27ec1c307885d
Resources/eXPerience2K/notepad/2.ico	Resources/eXPerience2K/notepad/2.ico	033f00a13904eeb6f204634561058d529a2cf77377383094c0d7b3d1d1dac611	8f8ba3f798bf2f18c51935cdea62f895eb677c84c474d16aa99d3d614fab8dae
Resources/eXPerience2K/ntbackup/101.ico	Resources/eXPerience2K/ntbackup/101.ico	4498d8899f6e247d0255222c56bd83fcc1c060a51294b4717f8e8e64a9915b2a	4498d8899f6e247d0255222c56bd83fcc1c060a51294b4717f8e8e64a9915b2a
Resources/eXPerience2K/ntshrui/116.ico	Resources/eXPerience2K/ntshrui/116.ico	ed5dc3166cdfbffea30d48512cf6e8c6111ed36d2b25e6800159c5b42b3cb810	55776fdc93e700c2c257b4d0ef5a9166d2f6412434c97166fbc778ffaff30237
Resources/eXPerience2K/ntshrui/122.ico	Resources/eXPerience2K/ntshrui/122.ico	b3203b93b57f1ca84cdeed3afc3dd0fe58887a42c3413f4f96ce0ed17a8fcf53	48bf8d2886a4e80db2871a4f844f9f75d08e9f01e76fa01058b5b692ae19bf21
Resources/eXPerience2K/ntshrui/123.ico	Resources/eXPerience2K/ntshrui/123.ico	6e909a66e2ebab3c5630e1535379677a66b02b8b6567d12676d1035c038b8479	6e909a66e2ebab3c5630e1535379677a66b02b8b6567d12676d1035c038b8479
Resources/eXPerience2K/ntshrui/127.ico	Resources/eXPerience2K/ntshrui/127.ico	c1b1a8e8142f4e3a1e49cdfc5a5b8bde9768ede9b28d249914603b8fd151ede4	c1b1a8e8142f4e3a1e49cdfc5a5b8bde9768ede9b28d249914603b8fd151ede4
Resources/eXPerience2K/nusrmgr/200.ico	Resources/eXPerience2K/nusrmgr/200.ico	f985aa3e2aad39eba0c829da44d314dbef8c1c72a6bbe71dda3d7e9069c493fc	b835cddd7612fd006ead7676665cc1cacb38a9bf6dfcd52c26d15e6e75611535
Resources/eXPerience2K/nusrmgr/205.ico	Resources/eXPerience2K/nusrmgr/205.ico	518706fd73e7966209663e9fd88feeba880322fe7e3ca3ea7918d6af43de43c2	c9437ac2e0053f1bca260cdccb3abbf7daadbe2635bd1df17986c69439f556c2
Resources/eXPerience2K/NvMixerTray.exe/100.ico	Resources/eXPerience2K/NvMixerTray.exe/100.ico	78acdf80bd1a72024289fb73cb3cdca3e9d2348f22736613813efcfc54258a6c	78acdf80bd1a72024289fb73cb3cdca3e9d2348f22736613813efcfc54258a6c
Resources/eXPerience2K/NvMixerTray.exe/200.ico	Resources/eXPerience2K/NvMixerTray.exe/200.ico	c5c177a6fcb0d825d1c6fd308ca8942de7ba72b4ef1dbf9e590c9cd23df34131	c5c177a6fcb0d825d1c6fd308ca8942de7ba72b4ef1dbf9e590c9cd23df34131
Resources/eXPerience2K/oobebaln/200.ico	Resources/eXPerience2K/oobebaln/200.ico	16e8e63baa4a37c831949ba804143a854c656f6cd0b97fb72ac27ec1c307885d	16e8e63baa4a37c831949ba804143a854c656f6cd0b97fb72ac27ec1c307885d
Resources/eXPerience2K/osk/app_osk.ico	Resources/eXPerience2K/osk/app_osk.ico	2c52485d51d7e42c8ad706ed4fa8f4bcccb96fc6765c8ee3ea01c4f8db8aefab	2c52485d51d7e42c8ad706ed4fa8f4bcccb96fc6765c8ee3ea01c4f8db8aefab
Resources/eXPerience2K/osk/I_WINLOGO.ico	Resources/eXPerience2K/osk/I_WINLOGO.ico	67b9fa216e3515ebcb0d43d0a278a58d11af91b8834608f7dfc43a2dd60d479f	67b9fa216e3515ebcb0d43d0a278a58d11af91b8834608f7dfc43a2dd60d479f
Resources/eXPerience2K/osk/WINLOGODN.ico	Resources/eXPerience2K/osk/WINLOGODN.ico	a2688be0966eed10b902e52fc01be1d775945db780e84df432dcefd24f3d73f5	a2688be0966eed10b902e52fc01be1d775945db780e84df432dcefd24f3d73f5
Resources/eXPerience2K/osk/WINLOGOUP.ico	Resources/eXPerience2K/osk/WINLOGOUP.ico	67b9fa216e3515ebcb0d43d0a278a58d11af91b8834608f7dfc43a2dd60d479f	67b9fa216e3515ebcb0d43d0a278a58d11af91b8834608f7dfc43a2dd60d479f
Resources/eXPerience2K/photowiz/200.ico	Resources/eXPerience2K/photowiz/200.ico	f377f976c20d83947513aaa2a3af26c7c2e6328d4b03232187f979684e9948d7	33ca28a995d5c0983af0ad0fc0444bdeb484ba28957ab863e2bd4a5f97b05221
Resources/eXPerience2K/pinball/ICON_1.ico	Resources/eXPerience2K/pinball/ICON_1.ico	31603d98a1987379fa419a344b636a80acdfd8c667e01e0cc756fa25f0140e14	31603d98a1987379fa419a344b636a80acdfd8c667e01e0cc756fa25f0140e14
Resources/eXPerience2K/powercfg/202.ico	Resources/eXPerience2K/powercfg/202.ico	c6217f7b9d05b7ad5c37ef8f703d95e853d1d6c0cf320d680b89c637fc39dceb	f87930c9788f482ae6c205bc788ed98d61a1d24571ad02c0d066a3af43b172ab
Resources/eXPerience2K/printui/132.ico	Resources/eXPerience2K/printui/132.ico	8a2cd618730a61f2a58bcb42b93df7387af7d7b4ed498ed42f596e86a6aeccc1	ea4c10d9d408e31b78364541567a9a2dffc4202589ab983f910d1a8ceabf0eaa
Resources/eXPerience2K/printui/420.ico	Resources/eXPerience2K/printui/420.ico	139d51691ac7bff09db16f9e8600ce4d05674b896b5ce0267763f066068ec58e	87623dab595ee5005157023fe06fe283caa7f0d2ee27570fb948e98c70757ef4
Resources/eXPerience2K/rasdlg/562.ico	Resources/eXPerience2K/rasdlg/562.ico	b67f633c829c15539c3c94d0409bd7d932116d9f336589033bd60f939fbbd8d8	d9daae2015b334899d11fa150a2cae31d7222cde855755509143af48c6166c54
Resources/eXPerience2K/rasdlg/563.ICO	Resources/eXPerience2K/rasdlg/563.ICO	59913a84f74821a2bd5395904ebf4f93b4f6e89b3256a71a7d8aba62beac04e4	e5be6ee67a3482068a32ab365bf1fd0001b1b82541ffe928b0bf271009ee691f
Resources/eXPerience2K/ratelc/107.ico	Resources/eXPerience2K/ratelc/107.ico	6b69b258f3606f5a493b7810d94d9a9de465f2b2e8bcfcb25e811bf8d9724caf	6b69b258f3606f5a493b7810d94d9a9de465f2b2e8bcfcb25e811bf8d9724caf
Resources/eXPerience2K/rcimlby/201.ico	Resources/eXPerience2K/rcimlby/201.ico	dcffc125cf3382bbb64890364f97b48a556f102c9a4e1f0e38de97d4fcabc9ea	4b0c96374ed6c5d2759f705761587334bc5cde4dcb99d7dd04d3e326a6ef26a7
Resources/eXPerience2K/regwizc/233.ico	Resources/eXPerience2K/regwizc/233.ico	b3203b93b57f1ca84cdeed3afc3dd0fe58887a42c3413f4f96ce0ed17a8fcf53	48bf8d2886a4e80db2871a4f844f9f75d08e9f01e76fa01058b5b692ae19bf21
Resources/eXPerience2K/remotepg/500.ico	Resources/eXPerience2K/remotepg/500.ico	9f39495d2df1b4846bc29372e71c5f87bc1089fabc65515c903f3d03ab4a6671	d02160df681f139c43f3c81afbfa9c6c41cebe1c35fb2ad32a7a0558103db308
Resources/eXPerience2K/rstrui/110.ico	Resources/eXPerience2K/rstrui/110.ico	5412826d3f37762b3d1eb33e052e325f80b46aa96a560dfbd09684696c608523	7d48eafb2ddc30dd976836af96d300caa09c3cbc6fbe73598dbb81373e16b099
Resources/eXPerience2K/rvsezm/IDI_ICON.ico	Resources/eXPerience2K/rvsezm/IDI_ICON.ico	7ddd9766219bc4e53ac635e981924f81af7d08abd99868f86a8d01fc3c5095f4	7ddd9766219bc4e53ac635e981924f81af7d08abd99868f86a8d01fc3c5095f4
Resources/eXPerience2K/sapi/138.ico	Resources/eXPerience2K/sapi/138.ico	41b9461cbc6283813d0ba44c6dff5685368d8cc94f2aae6b4ee02fc6db3eef07	30187fb2eb328b1439041d5d58a7111ff776e66b98c6fae16bd0b0b0f5b05d2f
Resources/eXPerience2K/sendmail/2001.ico	Resources/eXPerience2K/sendmail/2001.ico	fd8b8496f7dbe4af6c4c22c8acd3a93ad35ef837477a843c8fd4d2d4754d6116	fd8b8496f7dbe4af6c4c22c8acd3a93ad35ef837477a843c8fd4d2d4754d6116
Resources/eXPerience2K/setupapi/1.ico	Resources/eXPerience2K/setupapi/1.ico	da00445cec0d501e6c192e78306acbacf7775a8bc7ee673f58fbf2641047074e	a7740ec19b8278e772fcf5eacec992e5c4ae4c62b563a23a3e104419c558bc72
Resources/eXPerience2K/setupapi/11.ico	Resources/eXPerience2K/setupapi/11.ico	bdfedf217b9d035344c94f50b0f5187c8cc33064c8c061312c6dea7ca6daf9b3	bdfedf217b9d035344c94f50b0f5187c8cc33064c8c061312c6dea7ca6daf9b3
Resources/eXPerience2K/setupapi/2.ico	Resources/eXPerience2K/setupapi/2.ico	1cd88293f2d5b5dd46a63a798444de070375ad5fac68bfe5c80a511a5bf841e5	96f0965e9411d1aed27cd5cdefb679324ff54c41bbd7a4d63370f1e818679b55
Resources/eXPerience2K/setupapi/27.ico	Resources/eXPerience2K/setupapi/27.ico	b3203b93b57f1ca84cdeed3afc3dd0fe58887a42c3413f4f96ce0ed17a8fcf53	48bf8d2886a4e80db2871a4f844f9f75d08e9f01e76fa01058b5b692ae19bf21
Resources/eXPerience2K/setupapi/3.ico	Resources/eXPerience2K/setupapi/3.ico	89e0a66f05cca2632ba416547da80da9dd1f9b743dc19503e8d6b632eef372fb	34dddd26e582bf185b66b12eac19471ee6c84f55a008547379fe1ce2e33d0592
Resources/eXPerience2K/setupapi/4.ico	Resources/eXPerience2K/setupapi/4.ico	139d51691ac7bff09db16f9e8600ce4d05674b896b5ce0267763f066068ec58e	87623dab595ee5005157023fe06fe283caa7f0d2ee27570fb948e98c70757ef4
Resources/eXPerience2K/setupapi/43.ico	Resources/eXPerience2K/setupapi/43.ico	a41e442824ac8839dc95d0bab382a0c4f93a02e5c59cd55c20eae52ed145350e	35d4ba07b9ef83426884a65282123cf99e7a66359a07633448d581b68ea0e23d
Resources/eXPerience2K/setupapi/50.ico	Resources/eXPerience2K/setupapi/50.ico	7b946af615f95a121664d8c4f92c4eeac999d9d3090787ef717da0df41f0a930	da53820b761f9f0766626e2e9adf79419771849b3657c2c76b88547ba7b0cfa9
Resources/eXPerience2K/setupapi/51.ico	Resources/eXPerience2K/setupapi/51.ico	542532763b173731078281d0f5b7b8e076600be7783aa57858263d42ec6ffb0c	348401a9f1b565ebcbb74d73ee2fc0bed5ec2bb2e0d29cbf4e6bd9d864eb9671
Resources/eXPerience2K/setupapi/52.ico	Resources/eXPerience2K/setupapi/52.ico	96ac2f5dde8e92e78930c3a04e606ac889204b0ff9875c1cd37f8f6964825d95	bd221bf2f027d34760b218bb2b3ac036177aca01b0bff95ba05054b5cf7808e3
Resources/eXPerience2K/setupapi/53.ico	Resources/eXPerience2K/setupapi/53.ico	668e77333732e83bd636e2133ebc1f08bf52c332757ea3b7ba3e6e2f410dbc91	c29dfcd40d47acff2409b2ceb52a8a15f25f7b81b90a268bfdc3f7eba4945458
Resources/eXPerience2K/shdoclc/190.ico	Resources/eXPerience2K/shdoclc/190.ico	4219340d9d0a8faccfcb4e16d5a0c56720e09dec861b93e27377a5b6576d47ea	f0a57e5f6db934056a0323086cb72e3b15d5a1e0086a226371c6b1ae90c2e2a5
Resources/eXPerience2K/shdoclc/191.ico	Resources/eXPerience2K/shdoclc/191.ico	4d9d50671021d1b6b810a56173644719fffa746fa7deb7e30a76767e96c1c816	bb06f7c00b7579f504cd15c0de806c6a4ae225e03b6c3ca5bca13b39e5253951
Resources/eXPerience2K/shdoclc/20782.ico	Resources/eXPerience2K/shdoclc/20782.ico	fa4d749574783ba833d55b9079f597e3c2433f83f07498f37a205c67d16f5e77	fa4d749574783ba833d55b9079f597e3c2433f83f07498f37a205c67d16f5e77
Resources/eXPerience2K/shdocvw/105.ico	Resources/eXPerience2K/shdocvw/105.ico	31e0e54566bfb6b9366bdfb3b6a79e0b0b4e1868401fd2261549e2b900324f91	4074d55e8c9f664eed2d9de01406ef57ccd09739af00bca7ac5fb07734c56a31
Resources/eXPerience2K/shdocvw/110.ico	Resources/eXPerience2K/shdocvw/110.ico	ce8f22c8a57dea8b63addb6767b9f3fbc853bb9a863bd84e60b80da8c2cb50a7	641cdb1abfa26de3f799c961553b8fbc481dda0959ed7e644983f9638d10ac81
Resources/eXPerience2K/shdocvw/111.ico	Resources/eXPerience2K/shdocvw/111.ico	3b9b2ff4dd1d77241836c6e0c3067f8c797609542efba854bb3d6be1a736e98c	ecc9ccb338212162e3a3f7a18c2dbd499137bcc1feb4f3d11f1cfb5b6df367c4
Resources/eXPerience2K/shdocvw/116.ico	Resources/eXPerience2K/shdocvw/116.ico	139d51691ac7bff09db16f9e8600ce4d05674b896b5ce0267763f066068ec58e	87623dab595ee5005157023fe06fe283caa7f0d2ee27570fb948e98c70757ef4
Resources/eXPerience2K/shdocvw/204.ico	Resources/eXPerience2K/shdocvw/204.ico	1e915b43a57130e749a482f042745140560a2adac53f418ac670d9b215946455	18dca0bb0b23fa3132d4f34a78aa4bdc6bfcaddca9cff4bef761d73290db7cc5
Resources/eXPerience2K/shdocvw/20786.ico	Resources/eXPerience2K/shdocvw/20786.ico	ce8f22c8a57dea8b63addb6767b9f3fbc853bb9a863bd84e60b80da8c2cb50a7	641cdb1abfa26de3f799c961553b8fbc481dda0959ed7e644983f9638d10ac81
Resources/eXPerience2K/shell32/1.ico	Themes/windows-98-nt5/Resources/eXPerience2K/shell32/1.ico	12339379763639f180f38879d67da84fb9b0a616a1ebd220571a08282be9b8ba	12339379763639f180f38879d67da84fb9b0a616a1ebd220571a08282be9b8ba
Resources/eXPerience2K/shell32/10.ico	Themes/windows-98-nt5/Resources/eXPerience2K/shell32/10.ico	4bbf1dda4d8beb47e8f146eb36c80c4e637d473ed4ffaa34c30ebd5e26e165f6	ddf36105f0480d9917d60caf06a60c03bb64cdceca613f464978aba1af48d388
Resources/eXPerience2K/shell32/1001.ico	Resources/eXPerience2K/shell32/1001.ico	16e8e63baa4a37c831949ba804143a854c656f6cd0b97fb72ac27ec1c307885d	16e8e63baa4a37c831949ba804143a854c656f6cd0b97fb72ac27ec1c307885d
Resources/eXPerience2K/shell32/1002.ico	Resources/eXPerience2K/shell32/1002.ico	8161de6b20c1f91cce6fbbb0807df4cc784a1fea9770f4c34f05cf22ca5a35f7	df35fa3e635e4154fb8f6b49aec70b92a875502b11eb4902ecd3c94fb3de5e61
Resources/eXPerience2K/shell32/1004.ico	Resources/eXPerience2K/shell32/1004.ico	5f4e3d4bf346a366f7fed9226e5159d04b0b35317553f667d2f7f54a291c526d	828ddcb0b219bf6d6eb6f0304d2cb5c10c2a5c379353cc24c308fe07c3c0f82c
Resources/eXPerience2K/shell32/1007.ico	Resources/eXPerience2K/shell32/1007.ico	316f11a308846bda3973a0df0398ca4d6194c42f36405d103bb9f04a542d1376	9a5b7cd9b4447c5fe7ce2ecbdcd3cd26e95be0d8a2a6b47029577b8bf7631c26
Resources/eXPerience2K/shell32/1008.ico	Resources/eXPerience2K/shell32/1008.ico	dec219b8d3d23b44f00b69d7a4989602eef72a7f451f3edad6408b95579d9ef7	6015e068ef25034e069908675d8245f0863aa8b0818f48bfc5a5d215d2f53d16
Resources/eXPerience2K/shell32/1009.ico	Resources/eXPerience2K/shell32/1009.ico	909c71b607600cef8219bdb9149cb1f23d00f581dd3dbddc2eda7044ece35dd0	43bc8fe96a16b3507c5e707cbfc7edbc2d01de6266c65ea8ab939d52604a9594
Resources/eXPerience2K/shell32/1010.ICO	Resources/eXPerience2K/shell32/1010.ICO	a6352bbf6e66fd30a3500216c93d23b9d5297b76b4cc209aa99b89bd2a11a9f2	0ad67391b065399348c1e1919bb40da4e43da4d0e126091e7885f3b2e945dfc0
Resources/eXPerience2K/shell32/1011.ico	Resources/eXPerience2K/shell32/1011.ico	3cafdcfb10b7df6e80e9cfdba0e33c5a6930d5e1348ecf64247ade43f2a4484a	3cafdcfb10b7df6e80e9cfdba0e33c5a6930d5e1348ecf64247ade43f2a4484a
Resources/eXPerience2K/shell32/11.ico	Themes/windows-98-nt5/Resources/eXPerience2K/shell32/11.ico	42c57e2db6fec7520602bd118ea805d1d4d6076e5715abbd3250fd870826444d	1596970e764f16aa5987d9c987a4ec7bfe1270ffcffab809a26ed8f1f06dbfc8
Resources/eXPerience2K/shell32/12.ico	Themes/windows-98-nt5/Resources/eXPerience2K/shell32/12.ico	de0af14e10c77cee750ee20842132f1f7f91db3242817ae9b49a4dbe0c117b03	7e85d5eaa0382535514f907ff1af654386a4f8c50dc481c0e39188dfb8187b79
Resources/eXPerience2K/shell32/13.ico	Themes/windows-98-nt5/Resources/eXPerience2K/shell32/13.ico	191a39c3a672e6645d4d334c493aec8d68cf277b544cd5dcf54575f1159c6d79	e8d7bf49f58280eb6c77ae7ec4e33e464512d92c5785fe7aaf37fa7f3bacd7f0
Resources/eXPerience2K/shell32/134.ico	Themes/windows-98-nt5/Resources/eXPerience2K/shell32/134.ico	e9f9f2d59868d8768f80ced434f939caac0ef623e549483c38fac93a9525778b	e9f9f2d59868d8768f80ced434f939caac0ef623e549483c38fac93a9525778b
Resources/eXPerience2K/shell32/135.ico	Themes/windows-98-nt5/Resources/eXPerience2K/shell32/135.ico	4b7c2e1a5f397fdd283e77e480b1b76a96b0d7d0fa281ea6a3323404a907a077	61a9ce45d170821a6ec6700f1865fe48018f23858b3a8436aa7f98846dd17722
Resources/eXPerience2K/shell32/137.ico	Themes/windows-98-nt5/Resources/eXPerience2K/shell32/137.ico	1cc11a8a547840875615ca3ff0d1eb97a11499be46754700b5a3c0a517b819ea	8e8dbe2600b4c9a6e143e57460f8d1b6eaf6228a6625b4f6690193c77474a82c
Resources/eXPerience2K/shell32/138.ico	Themes/windows-98-nt5/Resources/eXPerience2K/shell32/138.ico	1d612fd26b31fc41a1ac3ef43f4d937972b5420e3214dc3afb6ef53b913b5394	eb9df67d3c5e0c464dbe081cf1f81617f528421b206597bf590c5b2e4ce02d7a
Resources/eXPerience2K/shell32/139.ico	Themes/windows-98-nt5/Resources/eXPerience2K/shell32/139.ico	cfeb4dbae3a5c2dd7b40c954d92e445219aee6bec3e28cf7038b3aece4c6ffab	1611ead85b849ceb195d53f255e3f981b6254e820c147c85ebffa832c62e7b9e
Resources/eXPerience2K/shell32/14.ico	Themes/windows-98-nt5/Resources/eXPerience2K/shell32/14.ico	a4af90d5343c33af63a6a91f5f072f1e871fea14bd76024b39549aaaaf78f6cf	7eacaf860b911c4e027a6c785dbbfb3ff443d381b354da212818f621559187ab
Resources/eXPerience2K/shell32/140.ico	Themes/windows-98-nt5/Resources/eXPerience2K/shell32/140.ico	90a2db65e3bdda56328ad78b6f9caea1c7c122438b7dca7fc0b3d953ac3a3112	c0477c1ece88c27296bdd3e3e4af877dd7a821f0e5077af73be7877419fe845c
Resources/eXPerience2K/shell32/141.ico	Themes/windows-98-nt5/Resources/eXPerience2K/shell32/141.ico	ba74dd531eaea62d9d2f61bf76301b42c59b9e85ae1170cc02d128dbc8d25c56	0ba5995a2a488b5e72464fb2542335e22242c7fa204a1195daad3ffd941a589a
Resources/eXPerience2K/shell32/146.ico	Themes/windows-98-nt5/Resources/eXPerience2K/shell32/146.ico	6128b20851623def821a91212192287ba0d86af7a2d0a69cd4ba86a0d6a5dec1	6128b20851623def821a91212192287ba0d86af7a2d0a69cd4ba86a0d6a5dec1
Resources/eXPerience2K/shell32/15.ico	Themes/windows-98-nt5/Resources/eXPerience2K/shell32/15.ico	bcba33daefc0640fb54606b5868e713abe3b7e3a395b1b11869c9af8c97c6b96	bcba33daefc0640fb54606b5868e713abe3b7e3a395b1b11869c9af8c97c6b96
Resources/eXPerience2K/shell32/151.ico	Themes/windows-98-nt5/Resources/eXPerience2K/shell32/151.ico	0516cd2e94ea86dc2a85d3a0aa82c942a60fe13163467bf919af4cbac103d08b	0516cd2e94ea86dc2a85d3a0aa82c942a60fe13163467bf919af4cbac103d08b
Resources/eXPerience2K/shell32/152.ico	Themes/windows-98-nt5/Resources/eXPerience2K/shell32/152.ico	9d08d74a59f7b5c1c3b24351833d6c816e25532d0956aad0550be47bd88d8ca6	9d08d74a59f7b5c1c3b24351833d6c816e25532d0956aad0550be47bd88d8ca6
Resources/eXPerience2K/shell32/153.ico	Themes/windows-98-nt5/Resources/eXPerience2K/shell32/153.ico	851949462e1f36b1a96c97d14b8b4fc7b028aa5a45a9751e172c351de3037805	851949462e1f36b1a96c97d14b8b4fc7b028aa5a45a9751e172c351de3037805
Resources/eXPerience2K/shell32/154.ico	Themes/windows-98-nt5/Resources/eXPerience2K/shell32/154.ico	51dcf44c6f2bc8bee92db6bcd1898c4546d31bcd676885010bbce8d5e302eda6	51dcf44c6f2bc8bee92db6bcd1898c4546d31bcd676885010bbce8d5e302eda6
Resources/eXPerience2K/shell32/155.ico	Themes/windows-98-nt5/Resources/eXPerience2K/shell32/155.ico	4b5326355536ac4ab9f27ab258bf5325dc31a64ff118c2ef6cfdc33410c4176a	4b5326355536ac4ab9f27ab258bf5325dc31a64ff118c2ef6cfdc33410c4176a
Resources/eXPerience2K/shell32/156.ico	Themes/windows-98-nt5/Resources/eXPerience2K/shell32/156.ico	7aa2a21e242c463321ef7d3ee10c1af4ccb408abc68b4f00894c42cd4d212023	7aa2a21e242c463321ef7d3ee10c1af4ccb408abc68b4f00894c42cd4d212023
Resources/eXPerience2K/shell32/157.ico	Themes/windows-98-nt5/Resources/eXPerience2K/shell32/157.ico	fc465a5517f00c9af05d39fe978b497fc233701e6aa821ea0bf40c910bb83406	fc465a5517f00c9af05d39fe978b497fc233701e6aa821ea0bf40c910bb83406
Resources/eXPerience2K/shell32/16.ico	Themes/windows-98-nt5/Resources/eXPerience2K/shell32/16.ico	4e756f7c58a0de9fc207707bb13bd49a2762b99d075edb7d05911b1e48436eb5	d8b7478e23dd53a4f37ff50eafa31c05f92f5df5afb56c65ffbb161d49935aff
Resources/eXPerience2K/shell32/160.ico	Themes/windows-98-nt5/Resources/eXPerience2K/shell32/160.ico	86980ceec19b5cc78b433c0eb165f96505d8c3d50c4a073215cc6768f18ac09c	86980ceec19b5cc78b433c0eb165f96505d8c3d50c4a073215cc6768f18ac09c
Resources/eXPerience2K/shell32/165.ico	Themes/windows-98-nt5/Resources/eXPerience2K/shell32/165.ico	0b6cc9aa3157813700301f5ee0a60125bcb7be3567524ea6b20e3575e4a5beaf	0b6cc9aa3157813700301f5ee0a60125bcb7be3567524ea6b20e3575e4a5beaf
Resources/eXPerience2K/shell32/167.ico	Themes/windows-98-nt5/Resources/eXPerience2K/shell32/167.ico	e1d655e76bb2e39dead50b93eb077786a2e9a5cd7ef9d97dbf1ffc02ca770aa0	e1d655e76bb2e39dead50b93eb077786a2e9a5cd7ef9d97dbf1ffc02ca770aa0
Resources/eXPerience2K/shell32/168.ico	Themes/windows-98-nt5/Resources/eXPerience2K/shell32/168.ico	66759ec15bfebaef579f56c844555a34e2572937dd904dd5389fd3f3e3b1f7b5	98c343edc71c10af9894e940fbf4ca4e25e77abf3308683aeddc8e15b9720a7f
Resources/eXPerience2K/shell32/169.ico	Themes/windows-98-nt5/Resources/eXPerience2K/shell32/169.ico	7818c13196e9da9d10dc25e713e2d5a2fc7e19284ff7c01de6877f00838b704d	f7578cd558d206770c6e89a8cfc5e371600a6d7fc2fdf66c26e127dfb4c132f3
Resources/eXPerience2K/shell32/17.ico	Themes/windows-98-nt5/Resources/eXPerience2K/shell32/17.ico	e56b8e31b25b11bd56c74d9b9f41a71523cd928f1432354767c0826170be57f9	46dcd29acd0a1c8e8c0a593adea44a4b671c8140bd7616faa870f8dd588b0d9d
Resources/eXPerience2K/shell32/170.ico	Themes/windows-98-nt5/Resources/eXPerience2K/shell32/170.ico	178e74db9b437a3766082ac615449c26d66213d51a2ccf6ac2bb73c4ddca61bb	58c65ed21262eb9df006a0a9752a0a600957c64749d8a3e4d10b2a6f5af365b6
Resources/eXPerience2K/shell32/172.ico	Resources/eXPerience2K/shell32/172.ico	1b5bd2e5ba60792425ea7f025f14843068faab63f9e23715e3e55a1336a3befc	8a16b22c847ea686c02786761587059f9da3478c688d388224973d2356769216
Resources/eXPerience2K/shell32/173.ico	Themes/windows-98-nt5/Resources/eXPerience2K/shell32/173.ico	d47aca2da6b06c6270315723407d09f4806ca2fb9503e6d3decf28a9a4d9ec75	36ab9d1c9c1e1a81260f773a499a3bafd2424f9a0df9627d979f4ffd10e13362
Resources/eXPerience2K/shell32/175.ico	Themes/windows-98-nt5/Resources/eXPerience2K/shell32/175.ico	32b266a367877f045f4ee0f03d8ee926e5e76bf26ba5db17df6c006a1d0c0f33	32b266a367877f045f4ee0f03d8ee926e5e76bf26ba5db17df6c006a1d0c0f33
Resources/eXPerience2K/shell32/178.ico	Themes/windows-98-nt5/Resources/eXPerience2K/shell32/178.ico	cea2cd058453f9a06cb2803386e0440774a261330f1d61709b28e2565d517b77	f67367873d834b9999c704315d06d37cf2c0584f212fed4fc16f473a9542731c
Resources/eXPerience2K/shell32/18.ico	Themes/windows-98-nt5/Resources/eXPerience2K/shell32/18.ico	de4ff715a741477c1de0088a5d84607c5f72c8060648f9e486d64ed24fb687f5	f01955061ef3219be7ff21df5005ff94debb2e6d5edb16c1683257a632ef0736
Resources/eXPerience2K/shell32/19.ico	Themes/windows-98-nt5/Resources/eXPerience2K/shell32/19.ico	9e93400e06e98d52808ffcd4799d8b3be5e5bd9c3c574c6147bae0be1504d0dd	9e93400e06e98d52808ffcd4799d8b3be5e5bd9c3c574c6147bae0be1504d0dd
Resources/eXPerience2K/shell32/196.ico	Resources/eXPerience2K/shell32/196.ico	3cafdcfb10b7df6e80e9cfdba0e33c5a6930d5e1348ecf64247ade43f2a4484a	3cafdcfb10b7df6e80e9cfdba0e33c5a6930d5e1348ecf64247ade43f2a4484a
Resources/eXPerience2K/shell32/197.ico	Resources/eXPerience2K/shell32/197.ico	7047a5363eca153f653bbc1db66639d8d3702a91573821edad242a4b452af0d0	7047a5363eca153f653bbc1db66639d8d3702a91573821edad242a4b452af0d0
Resources/eXPerience2K/shell32/198.ico	Resources/eXPerience2K/shell32/198.ico	77c0019f73a9d2e87773f9058cfb305edf6d1cfc9ce0db13bf30f1f151413ce8	77c0019f73a9d2e87773f9058cfb305edf6d1cfc9ce0db13bf30f1f151413ce8
Resources/eXPerience2K/shell32/199.ico	Resources/eXPerience2K/shell32/199.ico	fd7a4829f90d421d8f79fea74111668b671d9e35bd1eff099b961dd528ed7ad0	fd7a4829f90d421d8f79fea74111668b671d9e35bd1eff099b961dd528ed7ad0
Resources/eXPerience2K/shell32/20.ico	Themes/windows-98-nt5/Resources/eXPerience2K/shell32/20.ico	aca7991c01cf51cb87fbd980f02634257663268cdb4ada9a82b509c5f9097d99	1890e6e50f8eb1a1cd1044e33431e924fcd59a2c42bee99208790a43e096271e
Resources/eXPerience2K/shell32/200.ico	Themes/windows-98-nt5/Resources/eXPerience2K/shell32/200.ico	7a0f926cd9bb2199f5676d69aad5597e3eeea5eced336ace497b66e702a910a2	7a0f926cd9bb2199f5676d69aad5597e3eeea5eced336ace497b66e702a910a2
Resources/eXPerience2K/shell32/21.ico	Themes/windows-98-nt5/Resources/eXPerience2K/shell32/21.ico	cf594027be7c464e079f4ba91e856e0750e46e5a8c701d199e5ec118f3477365	cb5f54a6962385878608790eab19a676fd9d77082d50ac9054cd48ac78852305
Resources/eXPerience2K/shell32/210.ico	Resources/eXPerience2K/shell32/210.ico	b4645473170557a78f88023bf3839ded2162a853e7335ef1b7e81103e4b65d65	63d590431f25f4d34b141d1c7c5d015078c744f73af20b9e030f2036c6888b15
Resources/eXPerience2K/shell32/22.ico	Themes/windows-98-nt5/Resources/eXPerience2K/shell32/22.ico	a02e15ab3032c1817d35efdcd570661a82ec91f7fffb565ada620415c6ee98c7	e13d6b653e540076c9a35b5280047108f329842ce447d53a2f51c9b535d1b083
Resources/eXPerience2K/shell32/221.ico	Resources/eXPerience2K/shell32/221.ico	462bcb91b74063b4c93e88509131f203cd7832d5bf6d6fb06084277d6c539c6c	d6d27fb03c3d47187b4e9652bec3ca0af68df05ff1e7c06dc53e0401b30ff044
Resources/eXPerience2K/shell32/222.ico	Resources/eXPerience2K/shell32/222.ico	542532763b173731078281d0f5b7b8e076600be7783aa57858263d42ec6ffb0c	348401a9f1b565ebcbb74d73ee2fc0bed5ec2bb2e0d29cbf4e6bd9d864eb9671
Resources/eXPerience2K/shell32/229.ico	Resources/eXPerience2K/shell32/229.ico	c4e022cf88e3f05433c41c1ad441aeb85f6636b7aae57eb21f318fd6c35fc760	c16a63a7d6b0b12fcea2bc6ace0d2eecdf7f56d9a4f4f9662b17dcee835e1197
Resources/eXPerience2K/shell32/23.ico	Themes/windows-98-nt5/Resources/eXPerience2K/shell32/23.ico	06e34b0ac31177691f4927486150fa7dc948fa8962d98c69d3fed52ad14d735b	7f09cd5d7e614d3c0527a1cc7679561e5eaafaf99c4db92c668fabaca044808b
Resources/eXPerience2K/shell32/230.ico	Resources/eXPerience2K/shell32/230.ico	c4e022cf88e3f05433c41c1ad441aeb85f6636b7aae57eb21f318fd6c35fc760	c16a63a7d6b0b12fcea2bc6ace0d2eecdf7f56d9a4f4f9662b17dcee835e1197
Resources/eXPerience2K/shell32/233.ico	Resources/eXPerience2K/shell32/233.ico	c4e022cf88e3f05433c41c1ad441aeb85f6636b7aae57eb21f318fd6c35fc760	c16a63a7d6b0b12fcea2bc6ace0d2eecdf7f56d9a4f4f9662b17dcee835e1197
Resources/eXPerience2K/shell32/235.ico	Resources/eXPerience2K/shell32/235.ico	ddf61fec0795e97c7af14fdbf3a774ab8048d39a77833470f3291ff2f3e77a75	8a10b8a5644233ec6927d9c131ad75e5a1af2ee51f504787407f10d2787afb56
Resources/eXPerience2K/shell32/236.ico	Resources/eXPerience2K/shell32/236.ico	817a241295374259d2b64e043e141bd93ef36d8972e7d827ed256f82f7da45f7	3e021c0c21ffa6e612ff2b1d541ad20fd895f0f10b29ddf14a4e7c5db69b774d
Resources/eXPerience2K/shell32/237.ico	Resources/eXPerience2K/shell32/237.ico	8e24607d80e46a5b8faadd9902f2d2e5a3b93b20ca794ef697e1e4cf773836aa	10d1ef4a1244a7a2732657bd9ff99e0692fa71e2d231aa7107fece1038b1aac7
Resources/eXPerience2K/shell32/238.ico	Resources/eXPerience2K/shell32/238.ico	6df29d4e0b1160744072af90f0a2a9f643ab1f22889aa053e811194b92132cb2	3fe4930e22ec11f779e0e94127ef66e5acfcda088e0b1034993b394a5e2f4e44
Resources/eXPerience2K/shell32/24.ico	Themes/windows-98-nt5/Resources/eXPerience2K/shell32/24.ico	3be89a9a9b734c22bee02df3b72685f3114e332a3808883c66493c96da0dacca	e0064066792b710b276f59e7b83b9d004ff3a192f570f28aae3be1c64a03ab41
Resources/eXPerience2K/shell32/240.ico	Resources/eXPerience2K/shell32/240.ico	9898285a8a8f554d87596ddc53063aa4bc77992aca18c5afe79e472e3122fc3d	f24b6bbd69045641222a94e23df04af16adb5a028b151b6cf79ae930047c5e6b
Resources/eXPerience2K/shell32/241.ico	Resources/eXPerience2K/shell32/241.ico	1684a3992e6905431609738beae2da105891ef4802ac6565671d3ba58d314dfc	d168a725be41069860a63d714ee19b655e21b8f1bf31cf4c9b3ceee0617bd0d2
Resources/eXPerience2K/shell32/242.ico	Resources/eXPerience2K/shell32/242.ico	6dd098f06ec1219e40076df82aa8296c8f389498ca667b8d437c8a808b7964ac	6dd098f06ec1219e40076df82aa8296c8f389498ca667b8d437c8a808b7964ac
Resources/eXPerience2K/shell32/243.ico	Resources/eXPerience2K/shell32/243.ico	f9329f589f34a60543105a55af06862959dcd9b120fba4bedf262bb29ba53824	9b7e83d778f370333107cbcce6960d2ad55c72caf3db3c3dc9c2ec856a0bc924
Resources/eXPerience2K/shell32/244.ico	Resources/eXPerience2K/shell32/244.ico	09ced7140cc66e1d866d07a82a39c4eeb14629d072cd82b3ba4817de76757361	09ced7140cc66e1d866d07a82a39c4eeb14629d072cd82b3ba4817de76757361
Resources/eXPerience2K/shell32/245.ico	Resources/eXPerience2K/shell32/245.ico	139d51691ac7bff09db16f9e8600ce4d05674b896b5ce0267763f066068ec58e	87623dab595ee5005157023fe06fe283caa7f0d2ee27570fb948e98c70757ef4
Resources/eXPerience2K/shell32/246.ico	Resources/eXPerience2K/shell32/246.ico	3c32a6e6bda90f9a97cb693861943e151130b214b885715ac6b8f6c7d93182f5	3c32a6e6bda90f9a97cb693861943e151130b214b885715ac6b8f6c7d93182f5
Resources/eXPerience2K/shell32/247.ico	Resources/eXPerience2K/shell32/247.ico	eed8278228c431d41a39230e148e6a5916e44fecc7a6d5ae6ed3390fde7aa570	32c7c7e67f63566779768d9717ea9b9f57b7805fa1c2f538decdd2bd7a610268
Resources/eXPerience2K/shell32/248.ico	Resources/eXPerience2K/shell32/248.ico	3dca6cce8231ba22f0ad470929664b10926742adf72346c66563bc19073924f0	57ce00d71e6e9e824879e1fa9fc63e4891d3b31c0a9bda41b867e5ddfac6f853
Resources/eXPerience2K/shell32/249.ico	Resources/eXPerience2K/shell32/249.ico	15b3831f160dac051c50e745d71173d7e4aab186f6a52bcdaf7f95237a6f7d07	15b3831f160dac051c50e745d71173d7e4aab186f6a52bcdaf7f95237a6f7d07
Resources/eXPerience2K/shell32/25.ico	Themes/windows-98-nt5/Resources/eXPerience2K/shell32/25.ico	d277c71b4ebbdbc083f6f81b7b2b51822209befcd33ddfc07730d8276eb65b1c	4b8f70ff595f753f373c9e384f48ffa07059d1106984a905686b2679f65787b8
Resources/eXPerience2K/shell32/250.ico	Resources/eXPerience2K/shell32/250.ico	da00445cec0d501e6c192e78306acbacf7775a8bc7ee673f58fbf2641047074e	a7740ec19b8278e772fcf5eacec992e5c4ae4c62b563a23a3e104419c558bc72
Resources/eXPerience2K/shell32/251.ico	Resources/eXPerience2K/shell32/251.ico	f6f68ecddaa3b0f600daf0be516afc9545dde135d8735a806ab96a3b946b88c2	972610850ed6214aed3c35d5ed0eeb3e908304abad8b70a1e9e80d68bad084c6
Resources/eXPerience2K/shell32/252.ico	Resources/eXPerience2K/shell32/252.ico	f377f976c20d83947513aaa2a3af26c7c2e6328d4b03232187f979684e9948d7	33ca28a995d5c0983af0ad0fc0444bdeb484ba28957ab863e2bd4a5f97b05221
Resources/eXPerience2K/shell32/253.ico	Resources/eXPerience2K/shell32/253.ico	316f11a308846bda3973a0df0398ca4d6194c42f36405d103bb9f04a542d1376	9a5b7cd9b4447c5fe7ce2ecbdcd3cd26e95be0d8a2a6b47029577b8bf7631c26
Resources/eXPerience2K/shell32/254.ico	Resources/eXPerience2K/shell32/254.ico	391fdf459e184a4f904204b6ea9ec2f2b6ed469537b1217d34e68d8ec933e07a	10aaf7f5dd7ed861f33f7ea7fc47b91625aad69d79de61809866d2a97dd9c11e
Resources/eXPerience2K/shell32/255.ico	Resources/eXPerience2K/shell32/255.ico	0e10bdb63438d3ccd1982e98d0b46d8d67943c9e6249ccdc0d6f1acfab7d96b3	eeaf236d80d7bc70b68ea2bf9e520fd688bea4538a08c7aa7552ee701edfae13
Resources/eXPerience2K/shell32/256.ico	Resources/eXPerience2K/shell32/256.ico	6128b20851623def821a91212192287ba0d86af7a2d0a69cd4ba86a0d6a5dec1	6128b20851623def821a91212192287ba0d86af7a2d0a69cd4ba86a0d6a5dec1
Resources/eXPerience2K/shell32/257.ico	Resources/eXPerience2K/shell32/257.ico	b67f633c829c15539c3c94d0409bd7d932116d9f336589033bd60f939fbbd8d8	d9daae2015b334899d11fa150a2cae31d7222cde855755509143af48c6166c54
Resources/eXPerience2K/shell32/258.ico	Resources/eXPerience2K/shell32/258.ico	2fb55581799425c35e9813c2468e62d7cb1356e47bed45c80c5837b281da6dde	e0fd912aa6cd5251312595df23d3a97257816c7bcf61db73b6e1795442ed720e
Resources/eXPerience2K/shell32/259.ico	Resources/eXPerience2K/shell32/259.ico	b8f4c7405858300229687a8a67793d445103701abec8bbf155739435746df8e7	c4a09a8e5a431aeedfebfe6225697e06feaa005f5fc08d399188a91b62f63e9a
Resources/eXPerience2K/shell32/260.ico	Resources/eXPerience2K/shell32/260.ico	7920b01f1427e86e25e39d23e687a7abc68a4cfe250ca547a17621b440c7bda6	a2b556c8a5523ac4234d79c35b841a5fe9c5eff45e4a049b5399e7760f9a858f
Resources/eXPerience2K/shell32/261.ico	Resources/eXPerience2K/shell32/261.ico	5c84599eb69fadc9a7dc1ebe5272cb7774484afff4082a117146a708c1860625	d9f0fa78a30b2811a0aded783b99f6fe6996914ccb3d92f0fd65ada87e3e8d81
Resources/eXPerience2K/shell32/262.ico	Resources/eXPerience2K/shell32/262.ico	f2f1ce546e2058c5a6107f453c27bf7775de61976807e60fba6a75eceac959f1	6c3262f16001543b0edf567e149a95181d72b66b74490c735a62d65ad3d78fff
Resources/eXPerience2K/shell32/263.ico	Resources/eXPerience2K/shell32/263.ico	5f4e3d4bf346a366f7fed9226e5159d04b0b35317553f667d2f7f54a291c526d	828ddcb0b219bf6d6eb6f0304d2cb5c10c2a5c379353cc24c308fe07c3c0f82c
Resources/eXPerience2K/shell32/264.ico	Resources/eXPerience2K/shell32/264.ico	76e0f13a09aa00fda9946053d135b70e500a498e08bdabd5239f7ae7be337fe6	3fe384a1458c74379f3599245b19588e059bdf5250bf65f6b2576fd763c369ac
Resources/eXPerience2K/shell32/265.ico	Resources/eXPerience2K/shell32/265.ico	749af92a9e799104cbc56029ec8ab851d8e66f26a82b8a48ab087d786b184cb5	749af92a9e799104cbc56029ec8ab851d8e66f26a82b8a48ab087d786b184cb5
Resources/eXPerience2K/shell32/266.ico	Resources/eXPerience2K/shell32/266.ico	b05bf2a63611aecba3fa3ed810be1332b516b0659e5c9e340bd04635b976f818	7af16282ceace6fbd5bf5692c539d7576f7a509acb16827ddf7845ea4ed1abfa
Resources/eXPerience2K/shell32/267.ico	Resources/eXPerience2K/shell32/267.ico	ed5dc3166cdfbffea30d48512cf6e8c6111ed36d2b25e6800159c5b42b3cb810	55776fdc93e700c2c257b4d0ef5a9166d2f6412434c97166fbc778ffaff30237
Resources/eXPerience2K/shell32/268.ico	Resources/eXPerience2K/shell32/268.ico	b363ec9871552fe23f6579579bb70fa240a855bb227da21922e9ce7ac4c93b39	9a2f5bd974491a4cedafda271a0d679952fec126e87186a6bff5889b80c0c158
Resources/eXPerience2K/shell32/269.ico	Resources/eXPerience2K/shell32/269.ico	f985aa3e2aad39eba0c829da44d314dbef8c1c72a6bbe71dda3d7e9069c493fc	b835cddd7612fd006ead7676665cc1cacb38a9bf6dfcd52c26d15e6e75611535
Resources/eXPerience2K/shell32/270.ico	Resources/eXPerience2K/shell32/270.ico	108c3247562850f43612152c877dc9f5977b102c2763ad92d7df40e992b9bc01	199a3451184970d281ef8721c38bf101094d85539e19310b084d599df07e34e2
Resources/eXPerience2K/shell32/271.ico	Resources/eXPerience2K/shell32/271.ico	5b484e276421544e09f85d275cf42e0f4bab589b6af38fc72dff76cae4b89792	e2327bdcb98f47b604216473bef01e7462a894089e10d2f49848e28be0ff7321
Resources/eXPerience2K/shell32/274.ico	Resources/eXPerience2K/shell32/274.ico	acb61e8dcd2d0ee2d97a0ae871625bcf628bdf316483b42e5fea01149d0ead09	56578168aa2b9e49fe0f922e439e1d12260454df88281cf76ed87e12419d3e70
Resources/eXPerience2K/shell32/277.ico	Resources/eXPerience2K/shell32/277.ico	034f34ed90545973448d91fa84a0b7ea40b5074e41c5105ff4de65e2154e9308	62dcef991f0f63265e2e86218ef5b18bc4b1e801b77bef60044927dea29e148d
Resources/eXPerience2K/shell32/278.ico	Resources/eXPerience2K/shell32/278.ico	974990ea5dc847ab11a0b93c424c13b631bb1f06220cb812621a8c48273da128	974990ea5dc847ab11a0b93c424c13b631bb1f06220cb812621a8c48273da128
Resources/eXPerience2K/shell32/279.ico	Resources/eXPerience2K/shell32/279.ico	f985aa3e2aad39eba0c829da44d314dbef8c1c72a6bbe71dda3d7e9069c493fc	b835cddd7612fd006ead7676665cc1cacb38a9bf6dfcd52c26d15e6e75611535
Resources/eXPerience2K/shell32/28.ico	Themes/windows-98-nt5/Resources/eXPerience2K/shell32/28.ico	6debe66dd595b248af66726f713ca08cadcb1856e8038a16fcfc1b016b2e5f2e	b0c4460ccc5eaf89500adfb8429eb0691220074345457637a1f0f6463150cb52
Resources/eXPerience2K/shell32/281.ico	Resources/eXPerience2K/shell32/281.ico	68536102f145102c300b92ebe7653be89143fa5a022fddc15cbd91aa13bd44ed	68536102f145102c300b92ebe7653be89143fa5a022fddc15cbd91aa13bd44ed
Resources/eXPerience2K/shell32/282.ico	Resources/eXPerience2K/shell32/282.ico	78e5752d3cf267831454ec40b9d7faaf9dfc7daef87e617738dc6d9e9b2f9cd0	78e5752d3cf267831454ec40b9d7faaf9dfc7daef87e617738dc6d9e9b2f9cd0
Resources/eXPerience2K/shell32/283.ico	Resources/eXPerience2K/shell32/283.ico	2c52485d51d7e42c8ad706ed4fa8f4bcccb96fc6765c8ee3ea01c4f8db8aefab	2c52485d51d7e42c8ad706ed4fa8f4bcccb96fc6765c8ee3ea01c4f8db8aefab
Resources/eXPerience2K/shell32/284.ico	Resources/eXPerience2K/shell32/284.ico	b7608b361957fab193bb3b294ca1211b5b6cbfcabc13e610ea657636b5e0422e	b7608b361957fab193bb3b294ca1211b5b6cbfcabc13e610ea657636b5e0422e
Resources/eXPerience2K/shell32/289.ico	Resources/eXPerience2K/shell32/289.ico	5f4e3d4bf346a366f7fed9226e5159d04b0b35317553f667d2f7f54a291c526d	828ddcb0b219bf6d6eb6f0304d2cb5c10c2a5c379353cc24c308fe07c3c0f82c
Resources/eXPerience2K/shell32/29.ico	Themes/windows-98-nt5/Resources/eXPerience2K/shell32/29.ico	995efdffad610da02bb79f78a1d7a2bfc08b5f8c077c544201f400d68a293304	409d6e2896fed1d7eb6c848fbe2b159e500e4e900010636979d1cca184a387f7
Resources/eXPerience2K/shell32/291.ico	Resources/eXPerience2K/shell32/291.ico	542532763b173731078281d0f5b7b8e076600be7783aa57858263d42ec6ffb0c	348401a9f1b565ebcbb74d73ee2fc0bed5ec2bb2e0d29cbf4e6bd9d864eb9671
Resources/eXPerience2K/shell32/292.ico	Resources/eXPerience2K/shell32/292.ico	850d20d7b0fa7159b4572bfd202d020db92feafe255b828e8d0da8cd81deeaf6	c67905720539fcd197dc5fcb56cba4141d7545c82819c554ebc5e949e5a80015
Resources/eXPerience2K/shell32/293.ico	Resources/eXPerience2K/shell32/293.ico	542532763b173731078281d0f5b7b8e076600be7783aa57858263d42ec6ffb0c	348401a9f1b565ebcbb74d73ee2fc0bed5ec2bb2e0d29cbf4e6bd9d864eb9671
Resources/eXPerience2K/shell32/294.ico	Resources/eXPerience2K/shell32/294.ico	542532763b173731078281d0f5b7b8e076600be7783aa57858263d42ec6ffb0c	348401a9f1b565ebcbb74d73ee2fc0bed5ec2bb2e0d29cbf4e6bd9d864eb9671
Resources/eXPerience2K/shell32/295.ico	Resources/eXPerience2K/shell32/295.ico	542532763b173731078281d0f5b7b8e076600be7783aa57858263d42ec6ffb0c	348401a9f1b565ebcbb74d73ee2fc0bed5ec2bb2e0d29cbf4e6bd9d864eb9671
Resources/eXPerience2K/shell32/296.ico	Resources/eXPerience2K/shell32/296.ico	542532763b173731078281d0f5b7b8e076600be7783aa57858263d42ec6ffb0c	348401a9f1b565ebcbb74d73ee2fc0bed5ec2bb2e0d29cbf4e6bd9d864eb9671
Resources/eXPerience2K/shell32/297.ico	Resources/eXPerience2K/shell32/297.ico	542532763b173731078281d0f5b7b8e076600be7783aa57858263d42ec6ffb0c	348401a9f1b565ebcbb74d73ee2fc0bed5ec2bb2e0d29cbf4e6bd9d864eb9671
Resources/eXPerience2K/shell32/298.ico	Resources/eXPerience2K/shell32/298.ico	542532763b173731078281d0f5b7b8e076600be7783aa57858263d42ec6ffb0c	348401a9f1b565ebcbb74d73ee2fc0bed5ec2bb2e0d29cbf4e6bd9d864eb9671
Resources/eXPerience2K/shell32/3.ico	Themes/windows-98-nt5/Resources/eXPerience2K/shell32/3.ico	621025f84334b80fca8d71442f1900ba40fcc2a0f99b48e7e3c0101eaf553b80	621025f84334b80fca8d71442f1900ba40fcc2a0f99b48e7e3c0101eaf553b80
Resources/eXPerience2K/shell32/30.ico	Themes/windows-98-nt5/Resources/eXPerience2K/shell32/30.ico	75153df84292c71bac162fcc2b4bc88440a671da1010203f67683b4b6726e841	75153df84292c71bac162fcc2b4bc88440a671da1010203f67683b4b6726e841
Resources/eXPerience2K/shell32/302.ico	Resources/eXPerience2K/shell32/302.ico	542532763b173731078281d0f5b7b8e076600be7783aa57858263d42ec6ffb0c	348401a9f1b565ebcbb74d73ee2fc0bed5ec2bb2e0d29cbf4e6bd9d864eb9671
Resources/eXPerience2K/shell32/304.ico	Resources/eXPerience2K/shell32/304.ico	542532763b173731078281d0f5b7b8e076600be7783aa57858263d42ec6ffb0c	348401a9f1b565ebcbb74d73ee2fc0bed5ec2bb2e0d29cbf4e6bd9d864eb9671
Resources/eXPerience2K/shell32/305.ico	Resources/eXPerience2K/shell32/305.ico	c4e022cf88e3f05433c41c1ad441aeb85f6636b7aae57eb21f318fd6c35fc760	c16a63a7d6b0b12fcea2bc6ace0d2eecdf7f56d9a4f4f9662b17dcee835e1197
Resources/eXPerience2K/shell32/309.ico	Resources/eXPerience2K/shell32/309.ico	3dca6cce8231ba22f0ad470929664b10926742adf72346c66563bc19073924f0	57ce00d71e6e9e824879e1fa9fc63e4891d3b31c0a9bda41b867e5ddfac6f853
Resources/eXPerience2K/shell32/310.ico	Resources/eXPerience2K/shell32/310.ico	b0e0be18531866eec867ada6b4ba1c7a2dfb84af7ea211de47ba76d31124209f	0f96c1dfb7ead3f0184bb9e0f17ff5ee9b954b902bd2d4bc402ce415d67daf64
Resources/eXPerience2K/shell32/312.ico	Resources/eXPerience2K/shell32/312.ico	c4e022cf88e3f05433c41c1ad441aeb85f6636b7aae57eb21f318fd6c35fc760	c16a63a7d6b0b12fcea2bc6ace0d2eecdf7f56d9a4f4f9662b17dcee835e1197
Resources/eXPerience2K/shell32/313.ico	Resources/eXPerience2K/shell32/313.ico	c4e022cf88e3f05433c41c1ad441aeb85f6636b7aae57eb21f318fd6c35fc760	c16a63a7d6b0b12fcea2bc6ace0d2eecdf7f56d9a4f4f9662b17dcee835e1197
Resources/eXPerience2K/shell32/315.ico	Resources/eXPerience2K/shell32/315.ico	b4212b6bc666a0f57436dcef186c8cde33b081f54d9dfe16b290117562115ec5	66e90305156bad147440d0b64f0822ea3735ce186bdcb6beb641b5ac38b42312
Resources/eXPerience2K/shell32/316.ico	Resources/eXPerience2K/shell32/316.ico	436a01071c057d03561197a6396d4be8ccebb24aa0b9b43357da9b009c798cb6	9f49740a9829ab3e70927f89ecf6ff1dd38b9db18b13674aa0d350525806cad3
Resources/eXPerience2K/shell32/317.ico	Resources/eXPerience2K/shell32/317.ico	a8d0e2e733c7ec05453bf2dee321d3115152bff943604c6d8c22ad9c8772b63b	424ef868fb5d989117a452042dbf8a638d5ef5b74d021d7f4292ab97a7e052af
Resources/eXPerience2K/shell32/318.ico	Resources/eXPerience2K/shell32/318.ico	542532763b173731078281d0f5b7b8e076600be7783aa57858263d42ec6ffb0c	348401a9f1b565ebcbb74d73ee2fc0bed5ec2bb2e0d29cbf4e6bd9d864eb9671
Resources/eXPerience2K/shell32/319.ico	Resources/eXPerience2K/shell32/319.ico	d1b6e92649c94e5f5efc00648e354dc5b75fb48e9235c04cb3a9d69b877b2490	4f1791d307375896afb6fd3e897a3878fa65da8fb3a85283e546e8d309c56818
Resources/eXPerience2K/shell32/32.ico	Themes/windows-98-nt5/Resources/eXPerience2K/shell32/32.ico	c8f5c4e6e6b72a630f86b18e60d1081d3f49e026899bb393f20e6095e40ba377	8eb47b2e1146f04a8064b3b75ca1111563e6a3f819c54634e07031998bb80650
Resources/eXPerience2K/shell32/320.ICO	Resources/eXPerience2K/shell32/320.ICO	b05bf2a63611aecba3fa3ed810be1332b516b0659e5c9e340bd04635b976f818	7af16282ceace6fbd5bf5692c539d7576f7a509acb16827ddf7845ea4ed1abfa
Resources/eXPerience2K/shell32/321.ico	Resources/eXPerience2K/shell32/321.ico	acb61e8dcd2d0ee2d97a0ae871625bcf628bdf316483b42e5fea01149d0ead09	56578168aa2b9e49fe0f922e439e1d12260454df88281cf76ed87e12419d3e70
Resources/eXPerience2K/shell32/322.ico	Resources/eXPerience2K/shell32/322.ico	d6b33fb63f9a61d7a70b2e31ee6b200a99c8ebf626292c613f9724053f2012bd	8b2067dfac4c7e61c427522a0d2a39eec9ea7f93863813a46aaa7cf446d3ae08
Resources/eXPerience2K/shell32/323.ico	Resources/eXPerience2K/shell32/323.ico	e3a06b7a580559c9a20a9dde3b67e56e2e6b9a64a226d84c8ad2e7a80d51f7ac	64e4c61237cf9e9f0e201556f8f3f79d98fac3d6f0bc4450e2727eeb2e4006d8
Resources/eXPerience2K/shell32/324.ico	Resources/eXPerience2K/shell32/324.ico	769ee86112e867fb49d47dae6afc25d16f01462c578f427b21d16d6eb51a251e	4a051d2b1b5bfaf0bd622aa1dc31dc549411257144e77d1e716552838dee3e45
Resources/eXPerience2K/shell32/325.ico	Resources/eXPerience2K/shell32/325.ico	5af612cf0eb16bb44ad10f886aebbc4fbdbfc1a5eccc257e2ba9b9294ee0471f	22d438a9283112fbe5f6c0ceafc9369b0f767a11076163fee7251c1c391115eb
Resources/eXPerience2K/shell32/326.ico	Resources/eXPerience2K/shell32/326.ico	14f6f1921866ab334692a8cc627ba77aaecda5c967c95fe98593b46d8cb8e756	efb44cf036f62b3513e2eaa48fecefe0568d677fca72ffe3fde137aeb61bdb83
Resources/eXPerience2K/shell32/327.ico	Resources/eXPerience2K/shell32/327.ico	2f02ed4fc38ead27c99a7f504d45d4170f0214ed5e0362ddd02bf60077ec20f0	ea501bb9e1486e53132c329179081447cb8c99c7c30d39c87dbf150867e8095d
Resources/eXPerience2K/shell32/328.ico	Resources/eXPerience2K/shell32/328.ico	9973295be0b383e08090da29f7126c1f6c34e1483599a71419725653d2a02f97	d493cf65ba9f34c2af68efff8e0330ea80eb8700315ad078308b9ff78d6e0ebe
Resources/eXPerience2K/shell32/329.ico	Resources/eXPerience2K/shell32/329.ico	462bcb91b74063b4c93e88509131f203cd7832d5bf6d6fb06084277d6c539c6c	d6d27fb03c3d47187b4e9652bec3ca0af68df05ff1e7c06dc53e0401b30ff044
Resources/eXPerience2K/shell32/33.ico	Themes/windows-98-nt5/Resources/eXPerience2K/shell32/33.ico	3ac5906ff2e40e90bfe9b1f6120e151483b15b9f7212f8a292eabe25bf6f4b28	78781cbc2dac12c9dba727889a5a5eaf05fa7c9e557bf1262961dc7145b9a4ce
Resources/eXPerience2K/shell32/330.ico	Resources/eXPerience2K/shell32/330.ico	434386ed054a2c45307f8a20e7b45d3a780988da41306a3921b7f7f30b867f39	b77566fa9398b9a68b7141d6a8af2de6efbbcef41c60a138d28f29d37f180a50
Resources/eXPerience2K/shell32/331.ico	Resources/eXPerience2K/shell32/331.ico	cc61c5d010cc6c918d5b28d35d14bf31c1e22af9c38cd3c11e548e1267396a3f	af1faa54770edaf42a42f2622dc2ee6368842ce91d56c123e885018e5725a9f3
Resources/eXPerience2K/shell32/338.ico	Resources/eXPerience2K/shell32/338.ico	126468146a9a61e80cb3bab7044b28abe64734be745f8ef13491dd06b8a083d1	126468146a9a61e80cb3bab7044b28abe64734be745f8ef13491dd06b8a083d1
Resources/eXPerience2K/shell32/35.ico	Themes/windows-98-nt5/Resources/eXPerience2K/shell32/35.ico	07ba2765c442573f0bea81bcc5e765adfcbde908a50b6e0b16d7e40b7a9cb18f	74fcd536cdde05c6c7f9cb633e891f9fd646fd4223236c234490000962896642
Resources/eXPerience2K/shell32/37.ico	Themes/windows-98-nt5/Resources/eXPerience2K/shell32/37.ico	dff00c65c2e5b4c2716ab4a2bb918085cb915e45d277eac587b9b59d1ffd5451	7348dec9a483f2d83c6e9656225d5e8f5cdb34681c05101e7eb29bf964f03514
Resources/eXPerience2K/shell32/39.ico	Themes/windows-98-nt5/Resources/eXPerience2K/shell32/39.ico	f7ad7bf11bdb1140b02e7688a46259c4b99248ddcf030fe7056b6e72cac5e5ce	417000b982d7e2f3ae12d2aea13d3796946e85277ebf1ff8cebb4d95e495c4b9
Resources/eXPerience2K/shell32/4.ico	Themes/windows-98-nt5/Resources/eXPerience2K/shell32/4.ico	5c0b7b9e6aa1bf3d37aafea2b8341bc2d02a89325e4708b02ad6800495f91744	a12dfcdf3d1a816c260d3ee6f27a907bcbd4f7c22c69edc4d741d57521a6ac05
Resources/eXPerience2K/shell32/40.ico	Themes/windows-98-nt5/Resources/eXPerience2K/shell32/40.ico	b63257f50ee33560ace803f994463634f9f0b868f376848599a314eb3ce2731a	b63257f50ee33560ace803f994463634f9f0b868f376848599a314eb3ce2731a
Resources/eXPerience2K/shell32/41.ico	Themes/windows-98-nt5/Resources/eXPerience2K/shell32/41.ico	d4c66fe05849164922b680ee7121b3c3766f8c68180e8391a9182d80b3a9bcb7	a3b8b192720efa856de75e20a45e7e8f8d109d76fb4f51d25112ecb6f3281316
Resources/eXPerience2K/shell32/44.ico	Themes/windows-98-nt5/Resources/eXPerience2K/shell32/44.ico	14c2b30df583e90203e1649a861ac3c46d6d506f9544042882178a51ef88af9f	9ada096bbfb6eea4d3c409d58050b31a7abf73a4d23e2205abd005fb57f1582d
Resources/eXPerience2K/shell32/45.ico	Themes/windows-98-nt5/Resources/eXPerience2K/shell32/45.ico	9ac07792ee1a2da49daef36a072719706d3c58a509627ba3bb3104df9decefeb	248f227014f23833e2638157fddcfeb2cdbd30113dc7a98fd9cd3dc8864ab8a5
Resources/eXPerience2K/shell32/46.ico	Themes/windows-98-nt5/Resources/eXPerience2K/shell32/46.ico	1e915b43a57130e749a482f042745140560a2adac53f418ac670d9b215946455	18dca0bb0b23fa3132d4f34a78aa4bdc6bfcaddca9cff4bef761d73290db7cc5
Resources/eXPerience2K/shell32/47.ico	Themes/windows-98-nt5/Resources/eXPerience2K/shell32/47.ico	74053884e21c67e23aba6351caa294d6d3f026acd831e21dec6d72242d72e61a	322620ded5896c2af565ce79785f9e544c16f96a4995a066720ccb613d59295d
Resources/eXPerience2K/shell32/48.ico	Themes/windows-98-nt5/Resources/eXPerience2K/shell32/48.ico	1403fe0c43b7d277d1df0ac408ab1cc8b66ac98aa8d4a882bd7e23a32143a11f	1403fe0c43b7d277d1df0ac408ab1cc8b66ac98aa8d4a882bd7e23a32143a11f
Resources/eXPerience2K/shell32/5.ico	Themes/windows-98-nt5/Resources/eXPerience2K/shell32/5.ico	7aa4f12cd047789f54fea028627723f27bedfb79b3f9ed431011eee0dc810be7	b42a49b0f571c0dd97c2788910a5edf3d62492709b86bda69ff394bb33fda206
Resources/eXPerience2K/shell32/512.ico	Themes/windows-98-nt5/Resources/eXPerience2K/shell32/512.ico	51249648e9df39f2257875e562ccf7cf3f1157cbc51ff6845d08d0533d07ad36	6e246c6c5908b27cbdf408bffe310865e1b90c5c2ec3b0b16b4e7254d0f9cee6
Resources/eXPerience2K/shell32/7.ico	Themes/windows-98-nt5/Resources/eXPerience2K/shell32/7.ico	2065e22113eba3018c18a86ab30d6b7ac2a29b746c9809ae0137d651f7b38545	5529375a04d4a1fe917c1afb8e758e1eac7432fe2be3d8946e6dcdc0134f4498
Resources/eXPerience2K/shell32/8.ico	Themes/windows-98-nt5/Resources/eXPerience2K/shell32/8.ico	d0059ab1a96862bf36f7c6787b484936367f23871b64e88d19c24b06e3c9abbd	692e4af760dbb0dc4d0c06204a739fc4ad01c3aebed105856ad285777d98343b
Resources/eXPerience2K/shell32/9.ico	Themes/windows-98-nt5/Resources/eXPerience2K/shell32/9.ico	87907f01153e47221dc16bd0904bc05764e0f5d21111f9e5df1582de0cdbb87c	f957c0e1c49c1be1a8a3edda63143f7aa56efdbc1e0d9e77c0eec2bcf586cdb5
Resources/eXPerience2K/shvlzm/IDI_ICON.ico	Resources/eXPerience2K/shvlzm/IDI_ICON.ico	92765bb3113c1fe5a2eed58534d251b9fae443a1a686b35ab0b17e8017241a55	92765bb3113c1fe5a2eed58534d251b9fae443a1a686b35ab0b17e8017241a55
Resources/eXPerience2K/sndrec32/10.ico	Resources/eXPerience2K/sndrec32/10.ico	034f34ed90545973448d91fa84a0b7ea40b5074e41c5105ff4de65e2154e9308	62dcef991f0f63265e2e86218ef5b18bc4b1e801b77bef60044927dea29e148d
Resources/eXPerience2K/sndvol32/300.ico	Resources/eXPerience2K/sndvol32/300.ico	c5a4d76f5e4c26f6886f1d74a148bfec7a7bf6a478cc1123ff83bdd4325e8581	c5a4d76f5e4c26f6886f1d74a148bfec7a7bf6a478cc1123ff83bdd4325e8581
Resources/eXPerience2K/sndvol32/303.ico	Resources/eXPerience2K/sndvol32/303.ico	c5c177a6fcb0d825d1c6fd308ca8942de7ba72b4ef1dbf9e590c9cd23df34131	c5c177a6fcb0d825d1c6fd308ca8942de7ba72b4ef1dbf9e590c9cd23df34131
Resources/eXPerience2K/sndvol32/304.ico	Resources/eXPerience2K/sndvol32/304.ico	82f413c47b4d03ead1b717945c841d28715a2b7e33b309a0c3b8aa391a6ded4c	82f413c47b4d03ead1b717945c841d28715a2b7e33b309a0c3b8aa391a6ded4c
Resources/eXPerience2K/sol/500.ico	Resources/eXPerience2K/sol/500.ico	3a2ca9e758a127780d5cc1d7334d20f1d416f228ba19bed113568d49ca331596	3a2ca9e758a127780d5cc1d7334d20f1d416f228ba19bed113568d49ca331596
Resources/eXPerience2K/spider/103.ico	Resources/eXPerience2K/spider/103.ico	70b51b3f103f29d808c07cb71b5fe25ce40c08eab146911beec4610be38d6706	0285fafee89d3a392faaa1580733b37bcb591fc49bfa5dd4ea45bbade7218aef
Resources/eXPerience2K/srclient/0.ico	Resources/eXPerience2K/srclient/0.ico	5412826d3f37762b3d1eb33e052e325f80b46aa96a560dfbd09684696c608523	7d48eafb2ddc30dd976836af96d300caa09c3cbc6fbe73598dbb81373e16b099
Resources/eXPerience2K/srrstr/101.ico	Resources/eXPerience2K/srrstr/101.ico	5412826d3f37762b3d1eb33e052e325f80b46aa96a560dfbd09684696c608523	7d48eafb2ddc30dd976836af96d300caa09c3cbc6fbe73598dbb81373e16b099
Resources/eXPerience2K/sti_ci/1000.ico	Resources/eXPerience2K/sti_ci/1000.ico	428be70db35869861bab60707332a599c37e1cac209c422969a8f960881e45ee	a978c520901379784810154c353b268f685ff7f9ca962429d9c8a7d91fcc4fe2
Resources/eXPerience2K/stobject/210.ico	Resources/eXPerience2K/stobject/210.ico	a5c6d092807902125266c6b99d308bd9baa8a6426df5182eac0f1fdf8c3b8d85	a5c6d092807902125266c6b99d308bd9baa8a6426df5182eac0f1fdf8c3b8d85
Resources/eXPerience2K/stobject/230.ico	Resources/eXPerience2K/stobject/230.ico	82f413c47b4d03ead1b717945c841d28715a2b7e33b309a0c3b8aa391a6ded4c	82f413c47b4d03ead1b717945c841d28715a2b7e33b309a0c3b8aa391a6ded4c
Resources/eXPerience2K/stobject/231.ico	Resources/eXPerience2K/stobject/231.ico	c5c177a6fcb0d825d1c6fd308ca8942de7ba72b4ef1dbf9e590c9cd23df34131	c5c177a6fcb0d825d1c6fd308ca8942de7ba72b4ef1dbf9e590c9cd23df34131
Resources/eXPerience2K/storprop/5602.ico	Resources/eXPerience2K/storprop/5602.ico	72a7758ecf44e17b0da234d27ded1863ec93f0a0c1fbd3d93481421a1c1afdf6	72a7758ecf44e17b0da234d27ded1863ec93f0a0c1fbd3d93481421a1c1afdf6
Resources/eXPerience2K/syncui/120.ico	Resources/eXPerience2K/syncui/120.ico	eb41af392c0c2c3d2e7ed553be8208fba803f91d59ee4716a1c6187c84b80234	5b8228b5ac4a92ece86475d639e137cba18eb9a49ab9bc20bb2bd0f220f5ef8d
Resources/eXPerience2K/sysdm/1.ico	Themes/windows-98-nt5/Resources/eXPerience2K/sysdm/1.ico	0e24651c29fbb5e30d5babedcae44bc95589c38ffe47cfd276e5112c90a5d293	4e1c237476f7b7059d20f0cca03da261e5f8a6afb6b586d9dace8d424fee6f1f
Resources/eXPerience2K/sysdm/2.ico	Themes/windows-98-nt5/Resources/eXPerience2K/sysdm/2.ico	408a46fa477a54c7758dcd8cceac4459445704cfcb8d64df56c10125a01d0a5e	408a46fa477a54c7758dcd8cceac4459445704cfcb8d64df56c10125a01d0a5e
Resources/eXPerience2K/sysdm/6.ico	Themes/windows-98-nt5/Resources/eXPerience2K/sysdm/6.ico	b42d323cd4defd0057b89c7daf67e694554d53835ecda1f4996f6135bed42ac1	b42d323cd4defd0057b89c7daf67e694554d53835ecda1f4996f6135bed42ac1
Resources/eXPerience2K/sysdm/9.ico	Themes/windows-98-nt5/Resources/eXPerience2K/sysdm/9.ico	f50d6edb29b9fe76586499043ace46647dc68db146ab2369ff4e9c15590f78c6	f50d6edb29b9fe76586499043ace46647dc68db146ab2369ff4e9c15590f78c6
Resources/eXPerience2K/syssetup/101.ico	Resources/eXPerience2K/syssetup/101.ico	542532763b173731078281d0f5b7b8e076600be7783aa57858263d42ec6ffb0c	348401a9f1b565ebcbb74d73ee2fc0bed5ec2bb2e0d29cbf4e6bd9d864eb9671
Resources/eXPerience2K/syssetup/102.ico	Resources/eXPerience2K/syssetup/102.ico	7b946af615f95a121664d8c4f92c4eeac999d9d3090787ef717da0df41f0a930	da53820b761f9f0766626e2e9adf79419771849b3657c2c76b88547ba7b0cfa9
Resources/eXPerience2K/syssetup/126.ico	Resources/eXPerience2K/syssetup/126.ico	b3203b93b57f1ca84cdeed3afc3dd0fe58887a42c3413f4f96ce0ed17a8fcf53	48bf8d2886a4e80db2871a4f844f9f75d08e9f01e76fa01058b5b692ae19bf21
Resources/eXPerience2K/syssetup/81.ico	Resources/eXPerience2K/syssetup/81.ico	5b484e276421544e09f85d275cf42e0f4bab589b6af38fc72dff76cae4b89792	e2327bdcb98f47b604216473bef01e7462a894089e10d2f49848e28be0ff7321
Resources/eXPerience2K/syssetup/84.ico	Resources/eXPerience2K/syssetup/84.ico	b3203b93b57f1ca84cdeed3afc3dd0fe58887a42c3413f4f96ce0ed17a8fcf53	48bf8d2886a4e80db2871a4f844f9f75d08e9f01e76fa01058b5b692ae19bf21
Resources/eXPerience2K/syssetup/90.ico	Resources/eXPerience2K/syssetup/90.ico	cb10bbf33f7eabe6c758a7835d05b492423e51626dd35f8412ee75b41598b72c	e0abe3bee6f10faa228ed79507eb25e43077ab70d1adaef129d50b452fa422d6
Resources/eXPerience2K/tapiui/201.ico	Resources/eXPerience2K/tapiui/201.ico	493050671c2c381e781eb168100f3701cbad9d2df2ba895d369bc3429db61b47	a10c54cc4c3827aedf7f8f895751c3aeeae05fe6cd6312e780d65bab46d31ae4
Resources/eXPerience2K/telephon/100.ico	Resources/eXPerience2K/telephon/100.ico	493050671c2c381e781eb168100f3701cbad9d2df2ba895d369bc3429db61b47	a10c54cc4c3827aedf7f8f895751c3aeeae05fe6cd6312e780d65bab46d31ae4
Resources/eXPerience2K/timedate/200.ico	Resources/eXPerience2K/timedate/200.ico	710a110ba21dd805c2b88424c007a6696f2f4495b5454efd0d172ef32ec8ec8b	052b6c593650f7d905a7e3b459c3524a028f3be065d03803b9a0126435757c33
Resources/eXPerience2K/upnpui/302.ico	Resources/eXPerience2K/upnpui/302.ico	a8d0e2e733c7ec05453bf2dee321d3115152bff943604c6d8c22ad9c8772b63b	424ef868fb5d989117a452042dbf8a638d5ef5b74d021d7f4292ab97a7e052af
Resources/eXPerience2K/upnpui/303.ico	Resources/eXPerience2K/upnpui/303.ico	3dca6cce8231ba22f0ad470929664b10926742adf72346c66563bc19073924f0	57ce00d71e6e9e824879e1fa9fc63e4891d3b31c0a9bda41b867e5ddfac6f853
Resources/eXPerience2K/upnpui/305.ico	Resources/eXPerience2K/upnpui/305.ico	c69be17e53e289e0512b530f56281a59372634b7e6ac1b27de482df898943e4c	f476d7928d8feef43532a7579d2f1eb75dfd5edd05148bc1f64114d568229be8
Resources/eXPerience2K/upnpui/306.ico	Resources/eXPerience2K/upnpui/306.ico	139d51691ac7bff09db16f9e8600ce4d05674b896b5ce0267763f066068ec58e	87623dab595ee5005157023fe06fe283caa7f0d2ee27570fb948e98c70757ef4
Resources/eXPerience2K/upnpui/307.ico	Resources/eXPerience2K/upnpui/307.ico	148108663af687b1eeb7c0f14cd9aeaed81ed85700b2f9e7200ea7fc8e56412d	66e90305156bad147440d0b64f0822ea3735ce186bdcb6beb641b5ac38b42312
Resources/eXPerience2K/url/102.ico	Resources/eXPerience2K/url/102.ico	9adb793b0097f1aef94c261bd00094c7c8d427e85493dcf48ea9ff10fd3b2f91	a602c635bf6800f3f8fa8414cc0e3ca2679b23358a6d8756e9bce6d178ddc64f
Resources/eXPerience2K/user32/100.ico	Resources/eXPerience2K/user32/100.ico	b0cf8c622df23fa53fec55d52528f00b52629a416e7837eae1bd0577f5ebd049	b0cf8c622df23fa53fec55d52528f00b52629a416e7837eae1bd0577f5ebd049
Resources/eXPerience2K/user32/101.ico	Resources/eXPerience2K/user32/101.ico	72a7758ecf44e17b0da234d27ded1863ec93f0a0c1fbd3d93481421a1c1afdf6	72a7758ecf44e17b0da234d27ded1863ec93f0a0c1fbd3d93481421a1c1afdf6
Resources/eXPerience2K/user32/102.ico	Resources/eXPerience2K/user32/102.ico	1f620bd43c857550f971d689d3aa7888398b2e056e48ceac90c6d7afb9d18c50	1f620bd43c857550f971d689d3aa7888398b2e056e48ceac90c6d7afb9d18c50
Resources/eXPerience2K/user32/103.ico	Resources/eXPerience2K/user32/103.ico	8871b3cfc2cd5e39725d7a60e4eade504455acdd6d2672f0ed611db96771eab0	8871b3cfc2cd5e39725d7a60e4eade504455acdd6d2672f0ed611db96771eab0
Resources/eXPerience2K/user32/104.ico	Resources/eXPerience2K/user32/104.ico	16e8e63baa4a37c831949ba804143a854c656f6cd0b97fb72ac27ec1c307885d	16e8e63baa4a37c831949ba804143a854c656f6cd0b97fb72ac27ec1c307885d
Resources/eXPerience2K/user32/105.ico	Resources/eXPerience2K/user32/105.ico	22e515452bcb7a866d426e01028a46998554041d848834119ad6f98d21483f19	22e515452bcb7a866d426e01028a46998554041d848834119ad6f98d21483f19
Resources/eXPerience2K/utilman/102.ico	Resources/eXPerience2K/utilman/102.ico	974990ea5dc847ab11a0b93c424c13b631bb1f06220cb812621a8c48273da128	974990ea5dc847ab11a0b93c424c13b631bb1f06220cb812621a8c48273da128
Resources/eXPerience2K/wab/IDI_ICON_ABOOK.ico	Resources/eXPerience2K/wab/IDI_ICON_ABOOK.ico	a4a85d244a0704257f36cc12fb3e28ebde5b2a2158cc50790cf96f0208e6d2f2	a4a85d244a0704257f36cc12fb3e28ebde5b2a2158cc50790cf96f0208e6d2f2
Resources/eXPerience2K/wab32/IDI_ICON_ABOOK.ico	Resources/eXPerience2K/wab32/IDI_ICON_ABOOK.ico	a4a85d244a0704257f36cc12fb3e28ebde5b2a2158cc50790cf96f0208e6d2f2	a4a85d244a0704257f36cc12fb3e28ebde5b2a2158cc50790cf96f0208e6d2f2
Resources/eXPerience2K/wab32res/101.ico	Resources/eXPerience2K/wab32res/101.ico	a4a85d244a0704257f36cc12fb3e28ebde5b2a2158cc50790cf96f0208e6d2f2	a4a85d244a0704257f36cc12fb3e28ebde5b2a2158cc50790cf96f0208e6d2f2
Resources/eXPerience2K/wab32res/1641.ico	Resources/eXPerience2K/wab32res/1641.ico	a4a85d244a0704257f36cc12fb3e28ebde5b2a2158cc50790cf96f0208e6d2f2	a4a85d244a0704257f36cc12fb3e28ebde5b2a2158cc50790cf96f0208e6d2f2
Resources/eXPerience2K/wab32res/1911.ico	Resources/eXPerience2K/wab32res/1911.ico	a4a85d244a0704257f36cc12fb3e28ebde5b2a2158cc50790cf96f0208e6d2f2	a4a85d244a0704257f36cc12fb3e28ebde5b2a2158cc50790cf96f0208e6d2f2
Resources/eXPerience2K/wab32res/1912.ico	Resources/eXPerience2K/wab32res/1912.ico	52ba690a9b5073d2193b1b30ed3892357cebba00fabd818459b0c44e636e62f3	7bc70cd0227ce65fe1f39f2b87d056785e1bcbc7a9f1920f5575f8ed732d861b
Resources/eXPerience2K/wabfind/IDI_ICON_FIND.ico	Resources/eXPerience2K/wabfind/IDI_ICON_FIND.ico	52ba690a9b5073d2193b1b30ed3892357cebba00fabd818459b0c44e636e62f3	7bc70cd0227ce65fe1f39f2b87d056785e1bcbc7a9f1920f5575f8ed732d861b
Resources/eXPerience2K/wiadefui/104.ico	Resources/eXPerience2K/wiadefui/104.ico	3dca6cce8231ba22f0ad470929664b10926742adf72346c66563bc19073924f0	57ce00d71e6e9e824879e1fa9fc63e4891d3b31c0a9bda41b867e5ddfac6f853
Resources/eXPerience2K/wiadefui/105.ico	Resources/eXPerience2K/wiadefui/105.ico	148108663af687b1eeb7c0f14cd9aeaed81ed85700b2f9e7200ea7fc8e56412d	66e90305156bad147440d0b64f0822ea3735ce186bdcb6beb641b5ac38b42312
Resources/eXPerience2K/wiadefui/108.ico	Resources/eXPerience2K/wiadefui/108.ico	a8d0e2e733c7ec05453bf2dee321d3115152bff943604c6d8c22ad9c8772b63b	424ef868fb5d989117a452042dbf8a638d5ef5b74d021d7f4292ab97a7e052af
Resources/eXPerience2K/wiadefui/109.ico	Resources/eXPerience2K/wiadefui/109.ico	428be70db35869861bab60707332a599c37e1cac209c422969a8f960881e45ee	a978c520901379784810154c353b268f685ff7f9ca962429d9c8a7d91fcc4fe2
Resources/eXPerience2K/wiashext/100.ico	Resources/eXPerience2K/wiashext/100.ico	bfca514fada24a4916b4832748071838624bb204755078f0d1d02f188a19ec41	9c3a6b503f62f7c6a09d336c405f6a9abd7295af6db5efd4bad0dab09771d882
Resources/eXPerience2K/wiashext/101.ico	Resources/eXPerience2K/wiashext/101.ico	3dca6cce8231ba22f0ad470929664b10926742adf72346c66563bc19073924f0	57ce00d71e6e9e824879e1fa9fc63e4891d3b31c0a9bda41b867e5ddfac6f853
Resources/eXPerience2K/wiashext/102.ico	Resources/eXPerience2K/wiashext/102.ico	b4212b6bc666a0f57436dcef186c8cde33b081f54d9dfe16b290117562115ec5	66e90305156bad147440d0b64f0822ea3735ce186bdcb6beb641b5ac38b42312
Resources/eXPerience2K/wiashext/103.ico	Resources/eXPerience2K/wiashext/103.ico	e483c8e530648742f955be75216df7a1c02bb50a0e366cbc3b9bc5e3e8a69f7b	e483c8e530648742f955be75216df7a1c02bb50a0e366cbc3b9bc5e3e8a69f7b
Resources/eXPerience2K/wiashext/104.ico	Resources/eXPerience2K/wiashext/104.ico	31ff3e149d3bd9268d76296456871ec8b37152b3c6ff24af5fbbe6ba4e37fd9c	1d45e46c564a42d9dc93c4397ded71826092d23dcaae5b0cc9fd5c1e598f417c
Resources/eXPerience2K/wiashext/105.ico	Resources/eXPerience2K/wiashext/105.ico	c5b498dc0198228ee20ad516f4dc9c1de9d2479475bf2305b6a17fb4f751400c	a4f0bd3b536b8325529dc14f9e0a90f194f90d897e800d35d8378b9d1e8cc019
Resources/eXPerience2K/wiashext/106.ico	Resources/eXPerience2K/wiashext/106.ico	1371bed78313621c5af5017650902b0821b7608d5571c1362a7c6d5fe55ee92e	948db483c43e488dc2db611b070628b8fa5e16beb160189378e92cbd77cc204e
Resources/eXPerience2K/wiashext/107.ico	Resources/eXPerience2K/wiashext/107.ico	d69debb2e16cee3f9f00e108cdba7787f28b6a2f4194f8cfeb187c7065582150	a2798d8cd567b6c178b810b92409b74240f404543f31d78c8fb188b33fd04481
Resources/eXPerience2K/wiashext/112.ico	Resources/eXPerience2K/wiashext/112.ico	5570db21fc5e61857f2ec85e6e85493a795cd10db3f20c320484afd9df54e37f	a978c520901379784810154c353b268f685ff7f9ca962429d9c8a7d91fcc4fe2
Resources/eXPerience2K/wiashext/113.ico	Resources/eXPerience2K/wiashext/113.ico	5570db21fc5e61857f2ec85e6e85493a795cd10db3f20c320484afd9df54e37f	a978c520901379784810154c353b268f685ff7f9ca962429d9c8a7d91fcc4fe2
Resources/eXPerience2K/wiashext/114.ico	Resources/eXPerience2K/wiashext/114.ico	a8d0e2e733c7ec05453bf2dee321d3115152bff943604c6d8c22ad9c8772b63b	424ef868fb5d989117a452042dbf8a638d5ef5b74d021d7f4292ab97a7e052af
Resources/eXPerience2K/winmine/100.ico	Resources/eXPerience2K/winmine/100.ico	7b4e82fb0ce052814f6c845063f7cb568b771e0e48cf645b602ce9312484fcb5	7b4e82fb0ce052814f6c845063f7cb568b771e0e48cf645b602ce9312484fcb5
Resources/eXPerience2K/winntbbu/81.ico	Resources/eXPerience2K/winntbbu/81.ico	5b484e276421544e09f85d275cf42e0f4bab589b6af38fc72dff76cae4b89792	e2327bdcb98f47b604216473bef01e7462a894089e10d2f49848e28be0ff7321
Resources/eXPerience2K/winsrv/1.ico	Resources/eXPerience2K/winsrv/1.ico	1d0a073a01711e38f00cccdc6f31e21014cfffc957cdab6f2fccfd25e3f19563	1d0a073a01711e38f00cccdc6f31e21014cfffc957cdab6f2fccfd25e3f19563
Resources/eXPerience2K/wordpad/128.ico	Resources/eXPerience2K/wordpad/128.ico	ea949358d6c5b2d3a75f400b879f94a8e7fd42e42f84e11dd1d24ecb8bec79aa	ea949358d6c5b2d3a75f400b879f94a8e7fd42e42f84e11dd1d24ecb8bec79aa
Resources/eXPerience2K/wpabaln/1.ico	Resources/eXPerience2K/wpabaln/1.ico	2310c179d7a3fe5356dd51338ea0187f81c3250055d9503b8df9de1cad4c2ea1	df6611fd31a6675e09fae1e9a671b786d2e88c6ffec6b62b8f53d467a0cfe366
Resources/eXPerience2K/wscui/200.ico	Resources/eXPerience2K/wscui/200.ico	498d71919202eb882ab3c5e66af392c9ee11bffa98ce0740efbdb39184166fbf	498d71919202eb882ab3c5e66af392c9ee11bffa98ce0740efbdb39184166fbf
Resources/eXPerience2K/wuapi/1.ico	Resources/eXPerience2K/wuapi/1.ico	8fe14649116cff763890ccb85836e577cac3dc124e3c41dc7d414b9773907a87	d79ae90a22baaefb859d2868969297b962f6ff9b62d4c6111c03ad2456a74ad5
Resources/eXPerience2K/wuauclt/1.ico	Resources/eXPerience2K/wuauclt/1.ico	8fe14649116cff763890ccb85836e577cac3dc124e3c41dc7d414b9773907a87	d79ae90a22baaefb859d2868969297b962f6ff9b62d4c6111c03ad2456a74ad5
Resources/eXPerience2K/wuauclt1/301.ico	Resources/eXPerience2K/wuauclt1/301.ico	8fe14649116cff763890ccb85836e577cac3dc124e3c41dc7d414b9773907a87	d79ae90a22baaefb859d2868969297b962f6ff9b62d4c6111c03ad2456a74ad5
Resources/eXPerience2K/wuauclt1/740.ico	Resources/eXPerience2K/wuauclt1/740.ico	cc921593787aca10ff1994129bfb74f68fbcecb70650d12a8905a2a53ab2df86	cc921593787aca10ff1994129bfb74f68fbcecb70650d12a8905a2a53ab2df86
Resources/eXPerience2K/wuaucpl/1.ico	Resources/eXPerience2K/wuaucpl/1.ico	8fe14649116cff763890ccb85836e577cac3dc124e3c41dc7d414b9773907a87	d79ae90a22baaefb859d2868969297b962f6ff9b62d4c6111c03ad2456a74ad5
Resources/eXPerience2K/wuaucpl/2.ico	Resources/eXPerience2K/wuaucpl/2.ico	498d71919202eb882ab3c5e66af392c9ee11bffa98ce0740efbdb39184166fbf	498d71919202eb882ab3c5e66af392c9ee11bffa98ce0740efbdb39184166fbf
Resources/eXPerience2K/wuaucpl/3.ico	Resources/eXPerience2K/wuaucpl/3.ico	f2c460beeea5f4241f26af8b6df56dd93dad142b52a205d57a3f3f9067a03054	f2c460beeea5f4241f26af8b6df56dd93dad142b52a205d57a3f3f9067a03054
Resources/eXPerience2K/wuaucpl/4.ico	Resources/eXPerience2K/wuaucpl/4.ico	cfdbe894bf8f652fc51e5bf6382656921ad858d39c91a848d20738cadd96035d	cfdbe894bf8f652fc51e5bf6382656921ad858d39c91a848d20738cadd96035d
Resources/eXPerience2K/wuaucpl/5.ico	Resources/eXPerience2K/wuaucpl/5.ico	a5ccc742ed9a1c72803c2e17811a2b694839ed117eadc85b5adfe6cd3b04497a	a5ccc742ed9a1c72803c2e17811a2b694839ed117eadc85b5adfe6cd3b04497a
Resources/eXPerience2K/wuaueng1/500.ico	Resources/eXPerience2K/wuaueng1/500.ico	8fe14649116cff763890ccb85836e577cac3dc124e3c41dc7d414b9773907a87	d79ae90a22baaefb859d2868969297b962f6ff9b62d4c6111c03ad2456a74ad5
Resources/eXPerience2K/wucltui/1.ico	Resources/eXPerience2K/wucltui/1.ico	8fe14649116cff763890ccb85836e577cac3dc124e3c41dc7d414b9773907a87	d79ae90a22baaefb859d2868969297b962f6ff9b62d4c6111c03ad2456a74ad5
Resources/eXPerience2K/wupdmgr/APPICON.ico	Resources/eXPerience2K/wupdmgr/APPICON.ico	8fe14649116cff763890ccb85836e577cac3dc124e3c41dc7d414b9773907a87	d79ae90a22baaefb859d2868969297b962f6ff9b62d4c6111c03ad2456a74ad5
Resources/eXPerience2K/wuweb/IDI_MUICON.ico	Resources/eXPerience2K/wuweb/IDI_MUICON.ico	8fe14649116cff763890ccb85836e577cac3dc124e3c41dc7d414b9773907a87	d79ae90a22baaefb859d2868969297b962f6ff9b62d4c6111c03ad2456a74ad5
Resources/eXPerience2K/xpsp1res/100.ico	Resources/eXPerience2K/xpsp1res/100.ico	51d267ab03bd23f9979fdf322e2889714d8b1d24345a4d4617804cb759272aba	9cc6e684fe7e0a4198dd2dc0cced07479af53fb792eafbff8e03ecedbd70d26c
Resources/eXPerience2K/xpsp2res/1000.ico	Resources/eXPerience2K/xpsp2res/1000.ico	7508e7d7d492e88a702e6003ed0ef00979af9c3abc9f163104c57ae61e53d8e2	7508e7d7d492e88a702e6003ed0ef00979af9c3abc9f163104c57ae61e53d8e2
Resources/eXPerience2K/xpsp2res/1001.ico	Resources/eXPerience2K/xpsp2res/1001.ico	53aa5f1eeded91f52dbf1ed1b92a0b7a631add054799d6155adbd03a06b28992	53aa5f1eeded91f52dbf1ed1b92a0b7a631add054799d6155adbd03a06b28992
Resources/eXPerience2K/xpsp2res/1003.ico	Resources/eXPerience2K/xpsp2res/1003.ico	855c09bce048f589cbc8323df3ef657a8f040cf842a6a0b3d9805e4d025d2a21	855c09bce048f589cbc8323df3ef657a8f040cf842a6a0b3d9805e4d025d2a21
Resources/eXPerience2K/xpsp2res/1004.ico	Resources/eXPerience2K/xpsp2res/1004.ico	05312cd5f4091168345e2fe9c91a7653d15f222d8b17070b7d317ef42b86307c	05312cd5f4091168345e2fe9c91a7653d15f222d8b17070b7d317ef42b86307c
Resources/eXPerience2K/xpsp2res/1005.ico	Resources/eXPerience2K/xpsp2res/1005.ico	def250e7a177f9f03820d044d06c86b37f9cf8674e303008418bb3f8bc604906	def250e7a177f9f03820d044d06c86b37f9cf8674e303008418bb3f8bc604906
Resources/eXPerience2K/xpsp2res/1006.ico	Resources/eXPerience2K/xpsp2res/1006.ico	c77e1d481df5718dcd60a633d5906fa9a181248257983cb6b239b266192e8656	c77e1d481df5718dcd60a633d5906fa9a181248257983cb6b239b266192e8656
Resources/eXPerience2K/xpsp2res/1007.ico	Resources/eXPerience2K/xpsp2res/1007.ico	a4a5cd5b6ec41ce105390f08f8ee7225245a896f2a366f2176c53bc5da6abc1e	a4a5cd5b6ec41ce105390f08f8ee7225245a896f2a366f2176c53bc5da6abc1e
Resources/eXPerience2K/xpsp2res/1009.ico	Resources/eXPerience2K/xpsp2res/1009.ico	54da894da8cba0d1c3c4ea8c4d71378d8fd346674137a465933d6fa1f5832de7	d9f70e6621b4b1aa738f70d5739f87c06c26d71893c4f6a5fc46792029d62030
Resources/eXPerience2K/xpsp2res/1010.ico	Resources/eXPerience2K/xpsp2res/1010.ico	4293d9b70c90b97bfc89215ddce7c9934711b3d193683403682839d65d45a4d7	347bfc0914d640ab82664283a5adff689aab27bf654d8effd17d8bcf54bac023
Resources/eXPerience2K/xpsp2res/1022.ico	Resources/eXPerience2K/xpsp2res/1022.ico	23c5010ce8861542081d02b2771e21c312189d4764c312d17742e18f9160d9e0	7b2b896a7a8e50504a0ea01ba18ad6735d97b8c17415c2e113ca1f3d39583104
Resources/eXPerience2K/xpsp2res/10601.ico	Resources/eXPerience2K/xpsp2res/10601.ico	498d71919202eb882ab3c5e66af392c9ee11bffa98ce0740efbdb39184166fbf	498d71919202eb882ab3c5e66af392c9ee11bffa98ce0740efbdb39184166fbf
Resources/eXPerience2K/xpsp2res/10602.ico	Resources/eXPerience2K/xpsp2res/10602.ico	f2c460beeea5f4241f26af8b6df56dd93dad142b52a205d57a3f3f9067a03054	f2c460beeea5f4241f26af8b6df56dd93dad142b52a205d57a3f3f9067a03054
Resources/eXPerience2K/xpsp2res/10603.ico	Resources/eXPerience2K/xpsp2res/10603.ico	a5ccc742ed9a1c72803c2e17811a2b694839ed117eadc85b5adfe6cd3b04497a	a5ccc742ed9a1c72803c2e17811a2b694839ed117eadc85b5adfe6cd3b04497a
Resources/eXPerience2K/xpsp2res/10604.ico	Resources/eXPerience2K/xpsp2res/10604.ico	cfdbe894bf8f652fc51e5bf6382656921ad858d39c91a848d20738cadd96035d	cfdbe894bf8f652fc51e5bf6382656921ad858d39c91a848d20738cadd96035d
Resources/eXPerience2K/xpsp2res/10701.ico	Resources/eXPerience2K/xpsp2res/10701.ico	ed5dc3166cdfbffea30d48512cf6e8c6111ed36d2b25e6800159c5b42b3cb810	55776fdc93e700c2c257b4d0ef5a9166d2f6412434c97166fbc778ffaff30237
Resources/eXPerience2K/xpsp2res/10702.ico	Resources/eXPerience2K/xpsp2res/10702.ico	b3203b93b57f1ca84cdeed3afc3dd0fe58887a42c3413f4f96ce0ed17a8fcf53	48bf8d2886a4e80db2871a4f844f9f75d08e9f01e76fa01058b5b692ae19bf21
Resources/eXPerience2K/xpsp2res/10703.ico	Resources/eXPerience2K/xpsp2res/10703.ico	6e909a66e2ebab3c5630e1535379677a66b02b8b6567d12676d1035c038b8479	6e909a66e2ebab3c5630e1535379677a66b02b8b6567d12676d1035c038b8479
Resources/eXPerience2K/xpsp2res/10704.ico	Resources/eXPerience2K/xpsp2res/10704.ico	c1b1a8e8142f4e3a1e49cdfc5a5b8bde9768ede9b28d249914603b8fd151ede4	c1b1a8e8142f4e3a1e49cdfc5a5b8bde9768ede9b28d249914603b8fd151ede4
Resources/eXPerience2K/xpsp2res/10800.ico	Resources/eXPerience2K/xpsp2res/10800.ico	b4212b6bc666a0f57436dcef186c8cde33b081f54d9dfe16b290117562115ec5	66e90305156bad147440d0b64f0822ea3735ce186bdcb6beb641b5ac38b42312
Resources/eXPerience2K/xpsp2res/144.ico	Resources/eXPerience2K/xpsp2res/144.ico	abdd7e5c06396acd905a63d3f641fd9e7a2a1ebe2326eec776456e2a373587ac	abdd7e5c06396acd905a63d3f641fd9e7a2a1ebe2326eec776456e2a373587ac
Resources/eXPerience2K/xpsp2res/2001.ico	Resources/eXPerience2K/xpsp2res/2001.ico	8c8342b782d5459b077a75a8b2ad4e2bbfe59e4e5459510d016d58a83c2dfac6	8c8342b782d5459b077a75a8b2ad4e2bbfe59e4e5459510d016d58a83c2dfac6
Resources/eXPerience2K/xpsp2res/2024.ico	Resources/eXPerience2K/xpsp2res/2024.ico	abdd7e5c06396acd905a63d3f641fd9e7a2a1ebe2326eec776456e2a373587ac	abdd7e5c06396acd905a63d3f641fd9e7a2a1ebe2326eec776456e2a373587ac
Resources/eXPerience2K/xpsp2res/2030.ico	Resources/eXPerience2K/xpsp2res/2030.ico	878be6360a2eb4438da657e380d56cc17b6f5ccadf712cecb6d70a9662602544	878be6360a2eb4438da657e380d56cc17b6f5ccadf712cecb6d70a9662602544
Resources/eXPerience2K/xpsp2res/300.ico	Resources/eXPerience2K/xpsp2res/300.ico	374cac4f66b02dbe1d93810e958e4fa40c25b3e36c2f7e1d81834cdeba137a30	374cac4f66b02dbe1d93810e958e4fa40c25b3e36c2f7e1d81834cdeba137a30
Resources/eXPerience2K/xpsp2res/4.ico	Resources/eXPerience2K/xpsp2res/4.ico	23c5010ce8861542081d02b2771e21c312189d4764c312d17742e18f9160d9e0	7b2b896a7a8e50504a0ea01ba18ad6735d97b8c17415c2e113ca1f3d39583104
Resources/eXPerience2K/xpsp2res/4001.ico	Resources/eXPerience2K/xpsp2res/4001.ico	ad526c9f0ddeb5aa233dd7cb989a2787e90b51eb7eed7cb9648f335b0103740d	8f3b64bed3a8b0e189f9e7b90514757cc2331f748562ad418193065e171078c3
Resources/eXPerience2K/xpsp2res/5.ico	Resources/eXPerience2K/xpsp2res/5.ico	9e2a6178561a4cdfa81e30206a5dd2d3da78221befc32ac6c1c1fd49689391b3	9e2a6178561a4cdfa81e30206a5dd2d3da78221befc32ac6c1c1fd49689391b3
Resources/eXPerience2K/xpsp2res/6105.ico	Resources/eXPerience2K/xpsp2res/6105.ico	498d71919202eb882ab3c5e66af392c9ee11bffa98ce0740efbdb39184166fbf	498d71919202eb882ab3c5e66af392c9ee11bffa98ce0740efbdb39184166fbf
Resources/eXPerience2K/xpsp2res/6106.ico	Resources/eXPerience2K/xpsp2res/6106.ico	a5ccc742ed9a1c72803c2e17811a2b694839ed117eadc85b5adfe6cd3b04497a	a5ccc742ed9a1c72803c2e17811a2b694839ed117eadc85b5adfe6cd3b04497a
Resources/eXPerience2K/xpsp2res/6107.ico	Resources/eXPerience2K/xpsp2res/6107.ico	cfdbe894bf8f652fc51e5bf6382656921ad858d39c91a848d20738cadd96035d	cfdbe894bf8f652fc51e5bf6382656921ad858d39c91a848d20738cadd96035d
Resources/eXPerience2K/xpsp2res/6108.ico	Resources/eXPerience2K/xpsp2res/6108.ico	f2c460beeea5f4241f26af8b6df56dd93dad142b52a205d57a3f3f9067a03054	f2c460beeea5f4241f26af8b6df56dd93dad142b52a205d57a3f3f9067a03054
Resources/eXPerience2K/xpsp2res/6109.ico	Resources/eXPerience2K/xpsp2res/6109.ico	e0b1ba18d2e08f473e0c0f2dc334c8a1d9140a96ab819eb6f21bce588fff0e5c	e0b1ba18d2e08f473e0c0f2dc334c8a1d9140a96ab819eb6f21bce588fff0e5c
